category,seed,type,base,modifier,note
건강·영양,홍삼,head,홍삼,,
건강·영양,홍삼스틱,head,홍삼스틱,,
건강·영양,공진단,head,공진단,,
건강·영양,경옥고,head,경옥고,,
건강·영양,녹용,head,녹용,,
건강·영양,도라지청,head,도라지청,,
건강·영양,배도라지즙,head,배도라지즙,,
건강·영양,로얄젤리,head,로얄젤리,,
건강·영양,마누카꿀,head,마누카꿀,,
건강·영양,프로폴리스,head,프로폴리스,,
건강·영양,오메가3,head,오메가3,,
건강·영양,유산균,head,유산균,,
건강·영양,프로바이오틱스,head,프로바이오틱스,,
건강·영양,종합비타민,head,종합비타민,,
건강·영양,비타민C,head,비타민C,,
건강·영양,비타민D,head,비타민D,,
건강·영양,루테인,head,루테인,,
건강·영양,밀크씨슬,head,밀크씨슬,,
건강·영양,MSM,head,MSM,,
건강·영양,콜라겐,head,콜라겐,,
건강·영양,히알루론산,head,히알루론산,,
건강·영양,아르기닌,head,아르기닌,,
건강·영양,징코빌로바,head,징코빌로바,,
건강·영양,홍경천,head,홍경천,,
건강·영양,단백질보충제,head,단백질보충제,,
건강·영양,WPI,head,WPI,,
건강·영양,WPC,head,WPC,,
건강·영양,BCAA,head,BCAA,,
건강·영양,크레아틴,head,크레아틴,,
건강·영양,다이어트보조제,head,다이어트보조제,,
건강·영양,가르시니아,head,가르시니아,,
건강·영양,녹차카테킨,head,녹차카테킨,,
건강·영양,혈압측정기,head,혈압측정기,,
건강·영양,혈당측정기,head,혈당측정기,,
건강·영양,체지방측정기,head,체지방측정기,,
건강·영양,저주파자극기,head,저주파자극기,,
건강·영양,철분제,head,철분제,,
건강·영양,칼슘마그네슘,head,칼슘마그네슘,,
건강·영양,비오틴,head,비오틴,,
건강·영양,코엔자임Q10,head,코엔자임Q10,,
건강·영양,나이아신아마이드,head,나이아신아마이드,,
뷰티·스킨케어,선크림,head,선크림,,
뷰티·스킨케어,수분크림,head,수분크림,,
뷰티·스킨케어,모이스처라이저,head,모이스처라이저,,
뷰티·스킨케어,앰플,head,앰플,,
뷰티·스킨케어,세럼,head,세럼,,
뷰티·스킨케어,에센스,head,에센스,,
뷰티·스킨케어,토너,head,토너,,
뷰티·스킨케어,아이크림,head,아이크림,,
뷰티·스킨케어,폼클렌저,head,폼클렌저,,
뷰티·스킨케어,클렌징오일,head,클렌징오일,,
뷰티·스킨케어,미백크림,head,미백크림,,
뷰티·스킨케어,레티놀,head,레티놀,,
뷰티·스킨케어,비타민C세럼,head,비타민C세럼,,
뷰티·스킨케어,헤어에센스,head,헤어에센스,,
뷰티·스킨케어,헤어토닉,head,헤어토닉,,
뷰티·스킨케어,탈모샴푸,head,탈모샴푸,,
뷰티·스킨케어,염모제,head,염모제,,
뷰티·스킨케어,LED마스크,head,LED마스크,,
뷰티·스킨케어,피부관리기,head,피부관리기,,
뷰티·스킨케어,레이저제모기,head,레이저제모기,,
뷰티·스킨케어,고데기,head,고데기,,
뷰티·스킨케어,헤어드라이기,head,헤어드라이기,,
뷰티·스킨케어,헤어롤,head,헤어롤,,
뷰티·스킨케어,시카크림,head,시카크림,,
뷰티·스킨케어,쿠션팩트,head,쿠션팩트,,
뷰티·스킨케어,립밤,head,립밤,,
뷰티·스킨케어,바디로션,head,바디로션,,
생활가전·전자,공기청정기,head,공기청정기,,
생활가전·전자,제습기,head,제습기,,
생활가전·전자,가습기,head,가습기,,
생활가전·전자,로봇청소기,head,로봇청소기,,
생활가전·전자,무선청소기,head,무선청소기,,
생활가전·전자,식기세척기,head,식기세척기,,
생활가전·전자,건조기,head,건조기,,
생활가전·전자,전기레인지,head,전기레인지,,
생활가전·전자,인덕션,head,인덕션,,
생활가전·전자,정수기,head,정수기,,
생활가전·전자,얼음정수기,head,얼음정수기,,
생활가전·전자,비데,head,비데,,
생활가전·전자,안마의자,head,안마의자,,
생활가전·전자,안마기,head,안마기,,
생활가전·전자,냉장고,head,냉장고,,
생활가전·전자,김치냉장고,head,김치냉장고,,
생활가전·전자,세탁기,head,세탁기,,
생활가전·전자,TV,head,TV,,
생활가전·전자,게이밍모니터,head,게이밍모니터,,
생활가전·전자,노트북,head,노트북,,
생활가전·전자,태블릿,head,태블릿,,
생활가전·전자,프로젝터,head,프로젝터,,
생활가전·전자,공유기,head,공유기,,
생활가전·전자,NAS,head,NAS,,
생활가전·전자,IP카메라,head,IP카메라,,
생활가전·전자,CCTV,head,CCTV,,
생활가전·전자,초음파세척기,head,초음파세척기,,
생활가전·전자,스팀청소기,head,스팀청소기,,
생활가전·전자,핸드블렌더,head,핸드블렌더,,
생활가전·전자,전기포트,head,전기포트,,
생활가전·전자,전동칫솔,head,전동칫솔,,
생활가전·전자,전동면도기,head,전동면도기,,
주방·식품,에어프라이어,head,에어프라이어,,
주방·식품,블렌더,head,블렌더,,
주방·식품,믹서기,head,믹서기,,
주방·식품,커피머신,head,커피머신,,
주방·식품,캡슐커피,head,캡슐커피,,
주방·식품,원두커피,head,원두커피,,
주방·식품,드립커피,head,드립커피,,
주방·식품,전기밥솥,head,전기밥솥,,
주방·식품,프라이팬,head,프라이팬,,
주방·식품,냄비세트,head,냄비세트,,
주방·식품,압력솥,head,압력솥,,
주방·식품,칼세트,head,칼세트,,
주방·식품,도마,head,도마,,
주방·식품,밀키트,head,밀키트,,
주방·식품,도시락,head,도시락,,
주방·식품,닭가슴살,head,닭가슴살,,
주방·식품,샐러드,head,샐러드,,
주방·식품,즉석밥,head,즉석밥,,
주방·식품,라면,head,라면,,
주방·식품,김,head,김,,
주방·식품,햄,head,햄,,
주방·식품,치즈,head,치즈,,
주방·식품,버터,head,버터,,
주방·식품,올리브오일,head,올리브오일,,
주방·식품,트러플오일,head,트러플오일,,
주방·식품,수비드머신,head,수비드머신,,
주방·식품,칼블럭,head,칼블럭,,
주방·식품,텀블러,head,텀블러,,
주방·식품,보온보냉병,head,보온보냉병,,
유아·출산,기저귀,head,기저귀,,
유아·출산,분유,head,분유,,
유아·출산,이유식,head,이유식,,
유아·출산,유모차,head,유모차,,
유아·출산,카시트,head,카시트,,
유아·출산,아기침대,head,아기침대,,
유아·출산,아기욕조,head,아기욕조,,
유아·출산,범퍼침대,head,범퍼침대,,
유아·출산,젖병,head,젖병,,
유아·출산,젖병소독기,head,젖병소독기,,
유아·출산,유축기,head,유축기,,
유아·출산,보행기,head,보행기,,
유아·출산,쏘서,head,쏘서,,
유아·출산,아기띠,head,아기띠,,
유아·출산,실내매트,head,실내매트,,
유아·출산,아기비누,head,아기비누,,
유아·출산,물티슈,head,물티슈,,
유아·출산,아기세제,head,아기세제,,
유아·출산,기저귀크림,head,기저귀크림,,
유아·출산,수유쿠션,head,수유쿠션,,
반려동물,강아지사료,head,강아지사료,,
반려동물,고양이사료,head,고양이사료,,
반려동물,강아지간식,head,강아지간식,,
반려동물,고양이간식,head,고양이간식,,
반려동물,캣모래,head,캣모래,,
반려동물,배변패드,head,배변패드,,
반려동물,자동급식기,head,자동급식기,,
반려동물,급수기,head,급수기,,
반려동물,캣타워,head,캣타워,,
반려동물,스크래쳐,head,스크래쳐,,
반려동물,반려동물유산균,head,반려동물유산균,,
반려동물,펫샴푸,head,펫샴푸,,
반려동물,이동가방,head,이동가방,,
반려동물,하네스,head,하네스,,
반려동물,리드줄,head,리드줄,,
패션·잡화,운동화,head,운동화,,
패션·잡화,런닝화,head,런닝화,,
패션·잡화,골프화,head,골프화,,
패션·잡화,구두,head,구두,,
패션·잡화,부츠,head,부츠,,
패션·잡화,슬리퍼,head,슬리퍼,,
패션·잡화,샌들,head,샌들,,
패션·잡화,패딩,head,패딩,,
패션·잡화,코트,head,코트,,
패션·잡화,자켓,head,자켓,,
패션·잡화,가디건,head,가디건,,
패션·잡화,니트,head,니트,,
패션·잡화,후드티,head,후드티,,
패션·잡화,청바지,head,청바지,,
패션·잡화,슬랙스,head,슬랙스,,
패션·잡화,원피스,head,원피스,,
패션·잡화,골프웨어,head,골프웨어,,
패션·잡화,요가복,head,요가복,,
패션·잡화,등산복,head,등산복,,
패션·잡화,백팩,head,백팩,,
패션·잡화,크로스백,head,크로스백,,
패션·잡화,지갑,head,지갑,,
패션·잡화,벨트,head,벨트,,
패션·잡화,모자,head,모자,,
패션·잡화,선글라스,head,선글라스,,
패션·잡화,시계,head,시계,,
패션·잡화,귀걸이,head,귀걸이,,
패션·잡화,목걸이,head,목걸이,,
스포츠·아웃도어,텐트,head,텐트,,
스포츠·아웃도어,타프,head,타프,,
스포츠·아웃도어,캠핑의자,head,캠핑의자,,
스포츠·아웃도어,코펠,head,코펠,,
스포츠·아웃도어,랜턴,head,랜턴,,
스포츠·아웃도어,버너,head,버너,,
스포츠·아웃도어,아이스박스,head,아이스박스,,
스포츠·아웃도어,침낭,head,침낭,,
스포츠·아웃도어,캠핑매트,head,캠핑매트,,
스포츠·아웃도어,자전거,head,자전거,,
스포츠·아웃도어,전기자전거,head,전기자전거,,
스포츠·아웃도어,전동킥보드,head,전동킥보드,,
스포츠·아웃도어,헬멧,head,헬멧,,
스포츠·아웃도어,러닝머신,head,러닝머신,,
스포츠·아웃도어,실내자전거,head,실내자전거,,
스포츠·아웃도어,골프채,head,골프채,,
스포츠·아웃도어,아이언세트,head,아이언세트,,
스포츠·아웃도어,드라이버,head,드라이버,,
스포츠·아웃도어,퍼터,head,퍼터,,
스포츠·아웃도어,골프공,head,골프공,,
스포츠·아웃도어,등산스틱,head,등산스틱,,
스포츠·아웃도어,낚시대,head,낚시대,,
스포츠·아웃도어,릴,head,릴,,
스포츠·아웃도어,요가매트,head,요가매트,,
자동차·공구,엔진오일,head,엔진오일,,
자동차·공구,타이어,head,타이어,,
자동차·공구,배터리점프스타터,head,배터리점프스타터,,
자동차·공구,블랙박스,head,블랙박스,,
자동차·공구,하이패스,head,하이패스,,
자동차·공구,HUD,head,HUD,,
자동차·공구,차량용공기청정기,head,차량용공기청정기,,
자동차·공구,차량용청소기,head,차량용청소기,,
자동차·공구,블루투스오디오,head,블루투스오디오,,
자동차·공구,차박매트,head,차박매트,,
자동차·공구,루프박스,head,루프박스,,
자동차·공구,코팅제,head,코팅제,,
자동차·공구,유리막코팅,head,유리막코팅,,
자동차·공구,전동드릴,head,전동드릴,,
자동차·공구,임팩트드라이버,head,임팩트드라이버,,
자동차·공구,그라인더,head,그라인더,,
자동차·공구,원형톱,head,원형톱,,
자동차·공구,접이사다리,head,접이사다리,,
자동차·공구,고압세척기,head,고압세척기,,
자동차·공구,차량용충전기,head,차량용충전기,,
가구·인테리어,매트리스,head,매트리스,,
가구·인테리어,토퍼,head,토퍼,,
가구·인테리어,침대프레임,head,침대프레임,,
가구·인테리어,소파,head,소파,,
가구·인테리어,리클라이너,head,리클라이너,,
가구·인테리어,식탁,head,식탁,,
가구·인테리어,식탁의자,head,식탁의자,,
가구·인테리어,책상,head,책상,,
가구·인테리어,게이밍책상,head,게이밍책상,,
가구·인테리어,서랍장,head,서랍장,,
가구·인테리어,옷장,head,옷장,,
가구·인테리어,수납장,head,수납장,,
가구·인테리어,커튼,head,커튼,,
가구·인테리어,블라인드,head,블라인드,,
가구·인테리어,롤스크린,head,롤스크린,,
가구·인테리어,LED조명,head,LED조명,,
가구·인테리어,디퓨저,head,디퓨저,,
가구·인테리어,러그,head,러그,,
가구·인테리어,식물가습기,head,식물가습기,,
교육·서비스,영어학원,head,영어학원,,
교육·서비스,수학학원,head,수학학원,,
교육·서비스,코딩학원,head,코딩학원,,
교육·서비스,과외,head,과외,,
교육·서비스,운전연수,head,운전연수,,
교육·서비스,운전면허학원,head,운전면허학원,,
교육·서비스,골프레슨,head,골프레슨,,
교육·서비스,필라테스,head,필라테스,,
교육·서비스,요가학원,head,요가학원,,
교육·서비스,헬스장등록,head,헬스장등록,,
교육·서비스,PT수업,head,PT수업,,
교육·서비스,피부과시술,head,피부과시술,,
교육·서비스,치과스케일링,head,치과스케일링,,
교육·서비스,라식,head,라식,,
교육·서비스,라섹,head,라섹,,
교육·서비스,임플란트,head,임플란트,,
교육·서비스,인비절라인,head,인비절라인,,
교육·서비스,제모샵,head,제모샵,,
교육·서비스,네일아트,head,네일아트,,
교육·서비스,왁싱샵,head,왁싱샵,,
금융·보험,자동차보험,head,자동차보험,,
금융·보험,실비보험,head,실비보험,,
금융·보험,암보험,head,암보험,,
금융·보험,치아보험,head,치아보험,,
금융·보험,반려동물보험,head,반려동물보험,,
금융·보험,여행자보험,head,여행자보험,,
금융·보험,개인신용대출,head,개인신용대출,,
금융·보험,전세자금대출,head,전세자금대출,,
금융·보험,주택담보대출,head,주택담보대출,,
금융·보험,사업자대출,head,사업자대출,,
금융·보험,ISA,head,ISA,,
금융·보험,CMA,head,CMA,,
금융·보험,적금,head,적금,,
금융·보험,주택청약,head,주택청약,,
금융·보험,신용카드추천,head,신용카드추천,,
금융·보험,카드포인트,head,카드포인트,,
여행·숙박·렌터카,항공권,head,항공권,,
여행·숙박·렌터카,호텔예약,head,호텔예약,,
여행·숙박·렌터카,제주도렌터카,head,제주도렌터카,,
여행·숙박·렌터카,국내패키지여행,head,국내패키지여행,,
여행·숙박·렌터카,해외패키지여행,head,해외패키지여행,,
여행·숙박·렌터카,골프여행,head,골프여행,,
여행·숙박·렌터카,스키장리조트,head,스키장리조트,,
여행·숙박·렌터카,풀빌라,head,풀빌라,,
여행·숙박·렌터카,펜션예약,head,펜션예약,,
여행·숙박·렌터카,캠핑장예약,head,캠핑장예약,,
여행·숙박·렌터카,카라반,head,카라반,,
여행·숙박·렌터카,워터파크,head,워터파크,,
홈케어·시공·청소,에어컨청소,head,에어컨청소,,
홈케어·시공·청소,세탁기청소,head,세탁기청소,,
홈케어·시공·청소,입주청소,head,입주청소,,
홈케어·시공·청소,이사청소,head,이사청소,,
홈케어·시공·청소,줄눈시공,head,줄눈시공,,
홈케어·시공·청소,욕실시공,head,욕실시공,,
홈케어·시공·청소,도배장판,head,도배장판,,
홈케어·시공·청소,방충망교체,head,방충망교체,,
홈케어·시공·청소,샷시시공,head,샷시시공,,
홈케어·시공·청소,누수탐지,head,누수탐지,,
IT·소프트웨어,윈도우정품,head,윈도우정품,,
IT·소프트웨어,오피스정품,head,오피스정품,,
IT·소프트웨어,백신프로그램,head,백신프로그램,,
IT·소프트웨어,NAS설치,head,NAS설치,,
IT·소프트웨어,프린터임대,head,프린터임대,,
IT·소프트웨어,복합기임대,head,복합기임대,,
IT·소프트웨어,태블릿거치대,head,태블릿거치대,,
IT·소프트웨어,USB허브,head,USB허브,,
IT·소프트웨어,SSD외장케이스,head,SSD외장케이스,,
IT·소프트웨어,키보드,head,키보드,,
IT·소프트웨어,마우스,head,마우스,,
IT·소프트웨어,웹캠,head,웹캠,,
베이커리·선물,케이크주문제작,head,케이크주문제작,,
베이커리·선물,마카롱,head,마카롱,,
베이커리·선물,쿠키,head,쿠키,,
베이커리·선물,빵세트,head,빵세트,,
베이커리·선물,호두과자,head,호두과자,,
베이커리·선물,육포,head,육포,,
베이커리·선물,견과세트,head,견과세트,,
베이커리·선물,건과일,head,건과일,,
베이커리·선물,떡선물세트,head,떡선물세트,,
베이커리·선물,과일바구니,head,과일바구니,,
시즌·이벤트,추석선물세트,head,추석선물세트,,
시즌·이벤트,설선물세트,head,설선물세트,,
시즌·이벤트,어버이날선물,head,어버이날선물,,
시즌·이벤트,스승의날선물,head,스승의날선물,,
시즌·이벤트,크리스마스트리,head,크리스마스트리,,
시즌·이벤트,할로윈의상,head,할로윈의상,,
시즌·이벤트,여름쿨매트,head,여름쿨매트,,
시즌·이벤트,겨울히터,head,겨울히터,,
시즌·이벤트,김장세트,head,김장세트,,
건강·영양,홍삼 가격,combo,홍삼,가격,high-intent
건강·영양,홍삼 최저가,combo,홍삼,최저가,high-intent
건강·영양,홍삼 렌탈,combo,홍삼,렌탈,high-intent
건강·영양,홍삼 대여,combo,홍삼,대여,high-intent
건강·영양,홍삼 할인,combo,홍삼,할인,high-intent
건강·영양,홍삼 쿠폰,combo,홍삼,쿠폰,high-intent
건강·영양,홍삼 구매,combo,홍삼,구매,high-intent
건강·영양,홍삼 추천,combo,홍삼,추천,high-intent
건강·영양,홍삼 후기,combo,홍삼,후기,high-intent
건강·영양,홍삼 효과,combo,홍삼,효과,high-intent
건강·영양,홍삼 부작용,combo,홍삼,부작용,high-intent
건강·영양,홍삼 설치,combo,홍삼,설치,high-intent
건강·영양,홍삼 무료설치,combo,홍삼,무료설치,high-intent
건강·영양,홍삼 비용,combo,홍삼,비용,high-intent
건강·영양,홍삼 상담,combo,홍삼,상담,high-intent
건강·영양,홍삼 견적,combo,홍삼,견적,high-intent
건강·영양,홍삼 가격비교,combo,홍삼,가격비교,high-intent
건강·영양,홍삼스틱 가격,combo,홍삼스틱,가격,high-intent
건강·영양,홍삼스틱 최저가,combo,홍삼스틱,최저가,high-intent
건강·영양,홍삼스틱 렌탈,combo,홍삼스틱,렌탈,high-intent
건강·영양,홍삼스틱 대여,combo,홍삼스틱,대여,high-intent
건강·영양,홍삼스틱 할인,combo,홍삼스틱,할인,high-intent
건강·영양,홍삼스틱 쿠폰,combo,홍삼스틱,쿠폰,high-intent
건강·영양,홍삼스틱 구매,combo,홍삼스틱,구매,high-intent
건강·영양,홍삼스틱 추천,combo,홍삼스틱,추천,high-intent
건강·영양,홍삼스틱 후기,combo,홍삼스틱,후기,high-intent
건강·영양,홍삼스틱 효과,combo,홍삼스틱,효과,high-intent
건강·영양,홍삼스틱 부작용,combo,홍삼스틱,부작용,high-intent
건강·영양,홍삼스틱 설치,combo,홍삼스틱,설치,high-intent
건강·영양,홍삼스틱 무료설치,combo,홍삼스틱,무료설치,high-intent
건강·영양,홍삼스틱 비용,combo,홍삼스틱,비용,high-intent
건강·영양,홍삼스틱 상담,combo,홍삼스틱,상담,high-intent
건강·영양,홍삼스틱 견적,combo,홍삼스틱,견적,high-intent
건강·영양,홍삼스틱 가격비교,combo,홍삼스틱,가격비교,high-intent
건강·영양,공진단 가격,combo,공진단,가격,high-intent
건강·영양,공진단 최저가,combo,공진단,최저가,high-intent
건강·영양,공진단 렌탈,combo,공진단,렌탈,high-intent
건강·영양,공진단 대여,combo,공진단,대여,high-intent
건강·영양,공진단 할인,combo,공진단,할인,high-intent
건강·영양,공진단 쿠폰,combo,공진단,쿠폰,high-intent
건강·영양,공진단 구매,combo,공진단,구매,high-intent
건강·영양,공진단 추천,combo,공진단,추천,high-intent
건강·영양,공진단 후기,combo,공진단,후기,high-intent
건강·영양,공진단 효과,combo,공진단,효과,high-intent
건강·영양,공진단 부작용,combo,공진단,부작용,high-intent
건강·영양,공진단 설치,combo,공진단,설치,high-intent
건강·영양,공진단 무료설치,combo,공진단,무료설치,high-intent
건강·영양,공진단 비용,combo,공진단,비용,high-intent
건강·영양,공진단 상담,combo,공진단,상담,high-intent
건강·영양,공진단 견적,combo,공진단,견적,high-intent
건강·영양,공진단 가격비교,combo,공진단,가격비교,high-intent
건강·영양,경옥고 가격,combo,경옥고,가격,high-intent
건강·영양,경옥고 최저가,combo,경옥고,최저가,high-intent
건강·영양,경옥고 렌탈,combo,경옥고,렌탈,high-intent
건강·영양,경옥고 대여,combo,경옥고,대여,high-intent
건강·영양,경옥고 할인,combo,경옥고,할인,high-intent
건강·영양,경옥고 쿠폰,combo,경옥고,쿠폰,high-intent
건강·영양,경옥고 구매,combo,경옥고,구매,high-intent
건강·영양,경옥고 추천,combo,경옥고,추천,high-intent
건강·영양,경옥고 후기,combo,경옥고,후기,high-intent
건강·영양,경옥고 효과,combo,경옥고,효과,high-intent
건강·영양,경옥고 부작용,combo,경옥고,부작용,high-intent
건강·영양,경옥고 설치,combo,경옥고,설치,high-intent
건강·영양,경옥고 무료설치,combo,경옥고,무료설치,high-intent
건강·영양,경옥고 비용,combo,경옥고,비용,high-intent
건강·영양,경옥고 상담,combo,경옥고,상담,high-intent
건강·영양,경옥고 견적,combo,경옥고,견적,high-intent
건강·영양,경옥고 가격비교,combo,경옥고,가격비교,high-intent
건강·영양,녹용 가격,combo,녹용,가격,high-intent
건강·영양,녹용 최저가,combo,녹용,최저가,high-intent
건강·영양,녹용 렌탈,combo,녹용,렌탈,high-intent
건강·영양,녹용 대여,combo,녹용,대여,high-intent
건강·영양,녹용 할인,combo,녹용,할인,high-intent
건강·영양,녹용 쿠폰,combo,녹용,쿠폰,high-intent
건강·영양,녹용 구매,combo,녹용,구매,high-intent
건강·영양,녹용 추천,combo,녹용,추천,high-intent
건강·영양,녹용 후기,combo,녹용,후기,high-intent
건강·영양,녹용 효과,combo,녹용,효과,high-intent
건강·영양,녹용 부작용,combo,녹용,부작용,high-intent
건강·영양,녹용 설치,combo,녹용,설치,high-intent
건강·영양,녹용 무료설치,combo,녹용,무료설치,high-intent
건강·영양,녹용 비용,combo,녹용,비용,high-intent
건강·영양,녹용 상담,combo,녹용,상담,high-intent
건강·영양,녹용 견적,combo,녹용,견적,high-intent
건강·영양,녹용 가격비교,combo,녹용,가격비교,high-intent
건강·영양,도라지청 가격,combo,도라지청,가격,high-intent
건강·영양,도라지청 최저가,combo,도라지청,최저가,high-intent
건강·영양,도라지청 렌탈,combo,도라지청,렌탈,high-intent
건강·영양,도라지청 대여,combo,도라지청,대여,high-intent
건강·영양,도라지청 할인,combo,도라지청,할인,high-intent
건강·영양,도라지청 쿠폰,combo,도라지청,쿠폰,high-intent
건강·영양,도라지청 구매,combo,도라지청,구매,high-intent
건강·영양,도라지청 추천,combo,도라지청,추천,high-intent
건강·영양,도라지청 후기,combo,도라지청,후기,high-intent
건강·영양,도라지청 효과,combo,도라지청,효과,high-intent
건강·영양,도라지청 부작용,combo,도라지청,부작용,high-intent
건강·영양,도라지청 설치,combo,도라지청,설치,high-intent
건강·영양,도라지청 무료설치,combo,도라지청,무료설치,high-intent
건강·영양,도라지청 비용,combo,도라지청,비용,high-intent
건강·영양,도라지청 상담,combo,도라지청,상담,high-intent
건강·영양,도라지청 견적,combo,도라지청,견적,high-intent
건강·영양,도라지청 가격비교,combo,도라지청,가격비교,high-intent
건강·영양,배도라지즙 가격,combo,배도라지즙,가격,high-intent
건강·영양,배도라지즙 최저가,combo,배도라지즙,최저가,high-intent
건강·영양,배도라지즙 렌탈,combo,배도라지즙,렌탈,high-intent
건강·영양,배도라지즙 대여,combo,배도라지즙,대여,high-intent
건강·영양,배도라지즙 할인,combo,배도라지즙,할인,high-intent
건강·영양,배도라지즙 쿠폰,combo,배도라지즙,쿠폰,high-intent
건강·영양,배도라지즙 구매,combo,배도라지즙,구매,high-intent
건강·영양,배도라지즙 추천,combo,배도라지즙,추천,high-intent
건강·영양,배도라지즙 후기,combo,배도라지즙,후기,high-intent
건강·영양,배도라지즙 효과,combo,배도라지즙,효과,high-intent
건강·영양,배도라지즙 부작용,combo,배도라지즙,부작용,high-intent
건강·영양,배도라지즙 설치,combo,배도라지즙,설치,high-intent
건강·영양,배도라지즙 무료설치,combo,배도라지즙,무료설치,high-intent
건강·영양,배도라지즙 비용,combo,배도라지즙,비용,high-intent
건강·영양,배도라지즙 상담,combo,배도라지즙,상담,high-intent
건강·영양,배도라지즙 견적,combo,배도라지즙,견적,high-intent
건강·영양,배도라지즙 가격비교,combo,배도라지즙,가격비교,high-intent
건강·영양,로얄젤리 가격,combo,로얄젤리,가격,high-intent
건강·영양,로얄젤리 최저가,combo,로얄젤리,최저가,high-intent
건강·영양,로얄젤리 렌탈,combo,로얄젤리,렌탈,high-intent
건강·영양,로얄젤리 대여,combo,로얄젤리,대여,high-intent
건강·영양,로얄젤리 할인,combo,로얄젤리,할인,high-intent
건강·영양,로얄젤리 쿠폰,combo,로얄젤리,쿠폰,high-intent
건강·영양,로얄젤리 구매,combo,로얄젤리,구매,high-intent
건강·영양,로얄젤리 추천,combo,로얄젤리,추천,high-intent
건강·영양,로얄젤리 후기,combo,로얄젤리,후기,high-intent
건강·영양,로얄젤리 효과,combo,로얄젤리,효과,high-intent
건강·영양,로얄젤리 부작용,combo,로얄젤리,부작용,high-intent
건강·영양,로얄젤리 설치,combo,로얄젤리,설치,high-intent
건강·영양,로얄젤리 무료설치,combo,로얄젤리,무료설치,high-intent
건강·영양,로얄젤리 비용,combo,로얄젤리,비용,high-intent
건강·영양,로얄젤리 상담,combo,로얄젤리,상담,high-intent
건강·영양,로얄젤리 견적,combo,로얄젤리,견적,high-intent
건강·영양,로얄젤리 가격비교,combo,로얄젤리,가격비교,high-intent
건강·영양,마누카꿀 가격,combo,마누카꿀,가격,high-intent
건강·영양,마누카꿀 최저가,combo,마누카꿀,최저가,high-intent
건강·영양,마누카꿀 렌탈,combo,마누카꿀,렌탈,high-intent
건강·영양,마누카꿀 대여,combo,마누카꿀,대여,high-intent
건강·영양,마누카꿀 할인,combo,마누카꿀,할인,high-intent
건강·영양,마누카꿀 쿠폰,combo,마누카꿀,쿠폰,high-intent
건강·영양,마누카꿀 구매,combo,마누카꿀,구매,high-intent
건강·영양,마누카꿀 추천,combo,마누카꿀,추천,high-intent
건강·영양,마누카꿀 후기,combo,마누카꿀,후기,high-intent
건강·영양,마누카꿀 효과,combo,마누카꿀,효과,high-intent
건강·영양,마누카꿀 부작용,combo,마누카꿀,부작용,high-intent
건강·영양,마누카꿀 설치,combo,마누카꿀,설치,high-intent
건강·영양,마누카꿀 무료설치,combo,마누카꿀,무료설치,high-intent
건강·영양,마누카꿀 비용,combo,마누카꿀,비용,high-intent
건강·영양,마누카꿀 상담,combo,마누카꿀,상담,high-intent
건강·영양,마누카꿀 견적,combo,마누카꿀,견적,high-intent
건강·영양,마누카꿀 가격비교,combo,마누카꿀,가격비교,high-intent
건강·영양,프로폴리스 가격,combo,프로폴리스,가격,high-intent
건강·영양,프로폴리스 최저가,combo,프로폴리스,최저가,high-intent
건강·영양,프로폴리스 렌탈,combo,프로폴리스,렌탈,high-intent
건강·영양,프로폴리스 대여,combo,프로폴리스,대여,high-intent
건강·영양,프로폴리스 할인,combo,프로폴리스,할인,high-intent
건강·영양,프로폴리스 쿠폰,combo,프로폴리스,쿠폰,high-intent
건강·영양,프로폴리스 구매,combo,프로폴리스,구매,high-intent
건강·영양,프로폴리스 추천,combo,프로폴리스,추천,high-intent
건강·영양,프로폴리스 후기,combo,프로폴리스,후기,high-intent
건강·영양,프로폴리스 효과,combo,프로폴리스,효과,high-intent
건강·영양,프로폴리스 부작용,combo,프로폴리스,부작용,high-intent
건강·영양,프로폴리스 설치,combo,프로폴리스,설치,high-intent
건강·영양,프로폴리스 무료설치,combo,프로폴리스,무료설치,high-intent
건강·영양,프로폴리스 비용,combo,프로폴리스,비용,high-intent
건강·영양,프로폴리스 상담,combo,프로폴리스,상담,high-intent
건강·영양,프로폴리스 견적,combo,프로폴리스,견적,high-intent
건강·영양,프로폴리스 가격비교,combo,프로폴리스,가격비교,high-intent
건강·영양,오메가3 가격,combo,오메가3,가격,high-intent
건강·영양,오메가3 최저가,combo,오메가3,최저가,high-intent
건강·영양,오메가3 렌탈,combo,오메가3,렌탈,high-intent
건강·영양,오메가3 대여,combo,오메가3,대여,high-intent
건강·영양,오메가3 할인,combo,오메가3,할인,high-intent
건강·영양,오메가3 쿠폰,combo,오메가3,쿠폰,high-intent
건강·영양,오메가3 구매,combo,오메가3,구매,high-intent
건강·영양,오메가3 추천,combo,오메가3,추천,high-intent
건강·영양,오메가3 후기,combo,오메가3,후기,high-intent
건강·영양,오메가3 효과,combo,오메가3,효과,high-intent
건강·영양,오메가3 부작용,combo,오메가3,부작용,high-intent
건강·영양,오메가3 설치,combo,오메가3,설치,high-intent
건강·영양,오메가3 무료설치,combo,오메가3,무료설치,high-intent
건강·영양,오메가3 비용,combo,오메가3,비용,high-intent
건강·영양,오메가3 상담,combo,오메가3,상담,high-intent
건강·영양,오메가3 견적,combo,오메가3,견적,high-intent
건강·영양,오메가3 가격비교,combo,오메가3,가격비교,high-intent
건강·영양,유산균 가격,combo,유산균,가격,high-intent
건강·영양,유산균 최저가,combo,유산균,최저가,high-intent
건강·영양,유산균 렌탈,combo,유산균,렌탈,high-intent
건강·영양,유산균 대여,combo,유산균,대여,high-intent
건강·영양,유산균 할인,combo,유산균,할인,high-intent
건강·영양,유산균 쿠폰,combo,유산균,쿠폰,high-intent
건강·영양,유산균 구매,combo,유산균,구매,high-intent
건강·영양,유산균 추천,combo,유산균,추천,high-intent
건강·영양,유산균 후기,combo,유산균,후기,high-intent
건강·영양,유산균 효과,combo,유산균,효과,high-intent
건강·영양,유산균 부작용,combo,유산균,부작용,high-intent
건강·영양,유산균 설치,combo,유산균,설치,high-intent
건강·영양,유산균 무료설치,combo,유산균,무료설치,high-intent
건강·영양,유산균 비용,combo,유산균,비용,high-intent
건강·영양,유산균 상담,combo,유산균,상담,high-intent
건강·영양,유산균 견적,combo,유산균,견적,high-intent
건강·영양,유산균 가격비교,combo,유산균,가격비교,high-intent
건강·영양,프로바이오틱스 가격,combo,프로바이오틱스,가격,high-intent
건강·영양,프로바이오틱스 최저가,combo,프로바이오틱스,최저가,high-intent
건강·영양,프로바이오틱스 렌탈,combo,프로바이오틱스,렌탈,high-intent
건강·영양,프로바이오틱스 대여,combo,프로바이오틱스,대여,high-intent
건강·영양,프로바이오틱스 할인,combo,프로바이오틱스,할인,high-intent
건강·영양,프로바이오틱스 쿠폰,combo,프로바이오틱스,쿠폰,high-intent
건강·영양,프로바이오틱스 구매,combo,프로바이오틱스,구매,high-intent
건강·영양,프로바이오틱스 추천,combo,프로바이오틱스,추천,high-intent
건강·영양,프로바이오틱스 후기,combo,프로바이오틱스,후기,high-intent
건강·영양,프로바이오틱스 효과,combo,프로바이오틱스,효과,high-intent
건강·영양,프로바이오틱스 부작용,combo,프로바이오틱스,부작용,high-intent
건강·영양,프로바이오틱스 설치,combo,프로바이오틱스,설치,high-intent
건강·영양,프로바이오틱스 무료설치,combo,프로바이오틱스,무료설치,high-intent
건강·영양,프로바이오틱스 비용,combo,프로바이오틱스,비용,high-intent
건강·영양,프로바이오틱스 상담,combo,프로바이오틱스,상담,high-intent
건강·영양,프로바이오틱스 견적,combo,프로바이오틱스,견적,high-intent
건강·영양,프로바이오틱스 가격비교,combo,프로바이오틱스,가격비교,high-intent
건강·영양,종합비타민 가격,combo,종합비타민,가격,high-intent
건강·영양,종합비타민 최저가,combo,종합비타민,최저가,high-intent
건강·영양,종합비타민 렌탈,combo,종합비타민,렌탈,high-intent
건강·영양,종합비타민 대여,combo,종합비타민,대여,high-intent
건강·영양,종합비타민 할인,combo,종합비타민,할인,high-intent
건강·영양,종합비타민 쿠폰,combo,종합비타민,쿠폰,high-intent
건강·영양,종합비타민 구매,combo,종합비타민,구매,high-intent
건강·영양,종합비타민 추천,combo,종합비타민,추천,high-intent
건강·영양,종합비타민 후기,combo,종합비타민,후기,high-intent
건강·영양,종합비타민 효과,combo,종합비타민,효과,high-intent
건강·영양,종합비타민 부작용,combo,종합비타민,부작용,high-intent
건강·영양,종합비타민 설치,combo,종합비타민,설치,high-intent
건강·영양,종합비타민 무료설치,combo,종합비타민,무료설치,high-intent
건강·영양,종합비타민 비용,combo,종합비타민,비용,high-intent
건강·영양,종합비타민 상담,combo,종합비타민,상담,high-intent
건강·영양,종합비타민 견적,combo,종합비타민,견적,high-intent
건강·영양,종합비타민 가격비교,combo,종합비타민,가격비교,high-intent
건강·영양,비타민C 가격,combo,비타민C,가격,high-intent
건강·영양,비타민C 최저가,combo,비타민C,최저가,high-intent
건강·영양,비타민C 렌탈,combo,비타민C,렌탈,high-intent
건강·영양,비타민C 대여,combo,비타민C,대여,high-intent
건강·영양,비타민C 할인,combo,비타민C,할인,high-intent
건강·영양,비타민C 쿠폰,combo,비타민C,쿠폰,high-intent
건강·영양,비타민C 구매,combo,비타민C,구매,high-intent
건강·영양,비타민C 추천,combo,비타민C,추천,high-intent
건강·영양,비타민C 후기,combo,비타민C,후기,high-intent
건강·영양,비타민C 효과,combo,비타민C,효과,high-intent
건강·영양,비타민C 부작용,combo,비타민C,부작용,high-intent
건강·영양,비타민C 설치,combo,비타민C,설치,high-intent
건강·영양,비타민C 무료설치,combo,비타민C,무료설치,high-intent
건강·영양,비타민C 비용,combo,비타민C,비용,high-intent
건강·영양,비타민C 상담,combo,비타민C,상담,high-intent
건강·영양,비타민C 견적,combo,비타민C,견적,high-intent
건강·영양,비타민C 가격비교,combo,비타민C,가격비교,high-intent
건강·영양,비타민D 가격,combo,비타민D,가격,high-intent
건강·영양,비타민D 최저가,combo,비타민D,최저가,high-intent
건강·영양,비타민D 렌탈,combo,비타민D,렌탈,high-intent
건강·영양,비타민D 대여,combo,비타민D,대여,high-intent
건강·영양,비타민D 할인,combo,비타민D,할인,high-intent
건강·영양,비타민D 쿠폰,combo,비타민D,쿠폰,high-intent
건강·영양,비타민D 구매,combo,비타민D,구매,high-intent
건강·영양,비타민D 추천,combo,비타민D,추천,high-intent
건강·영양,비타민D 후기,combo,비타민D,후기,high-intent
건강·영양,비타민D 효과,combo,비타민D,효과,high-intent
건강·영양,비타민D 부작용,combo,비타민D,부작용,high-intent
건강·영양,비타민D 설치,combo,비타민D,설치,high-intent
건강·영양,비타민D 무료설치,combo,비타민D,무료설치,high-intent
건강·영양,비타민D 비용,combo,비타민D,비용,high-intent
건강·영양,비타민D 상담,combo,비타민D,상담,high-intent
건강·영양,비타민D 견적,combo,비타민D,견적,high-intent
건강·영양,비타민D 가격비교,combo,비타민D,가격비교,high-intent
건강·영양,루테인 가격,combo,루테인,가격,high-intent
건강·영양,루테인 최저가,combo,루테인,최저가,high-intent
건강·영양,루테인 렌탈,combo,루테인,렌탈,high-intent
건강·영양,루테인 대여,combo,루테인,대여,high-intent
건강·영양,루테인 할인,combo,루테인,할인,high-intent
건강·영양,루테인 쿠폰,combo,루테인,쿠폰,high-intent
건강·영양,루테인 구매,combo,루테인,구매,high-intent
건강·영양,루테인 추천,combo,루테인,추천,high-intent
건강·영양,루테인 후기,combo,루테인,후기,high-intent
건강·영양,루테인 효과,combo,루테인,효과,high-intent
건강·영양,루테인 부작용,combo,루테인,부작용,high-intent
건강·영양,루테인 설치,combo,루테인,설치,high-intent
건강·영양,루테인 무료설치,combo,루테인,무료설치,high-intent
건강·영양,루테인 비용,combo,루테인,비용,high-intent
건강·영양,루테인 상담,combo,루테인,상담,high-intent
건강·영양,루테인 견적,combo,루테인,견적,high-intent
건강·영양,루테인 가격비교,combo,루테인,가격비교,high-intent
건강·영양,밀크씨슬 가격,combo,밀크씨슬,가격,high-intent
건강·영양,밀크씨슬 최저가,combo,밀크씨슬,최저가,high-intent
건강·영양,밀크씨슬 렌탈,combo,밀크씨슬,렌탈,high-intent
건강·영양,밀크씨슬 대여,combo,밀크씨슬,대여,high-intent
건강·영양,밀크씨슬 할인,combo,밀크씨슬,할인,high-intent
건강·영양,밀크씨슬 쿠폰,combo,밀크씨슬,쿠폰,high-intent
건강·영양,밀크씨슬 구매,combo,밀크씨슬,구매,high-intent
건강·영양,밀크씨슬 추천,combo,밀크씨슬,추천,high-intent
건강·영양,밀크씨슬 후기,combo,밀크씨슬,후기,high-intent
건강·영양,밀크씨슬 효과,combo,밀크씨슬,효과,high-intent
건강·영양,밀크씨슬 부작용,combo,밀크씨슬,부작용,high-intent
건강·영양,밀크씨슬 설치,combo,밀크씨슬,설치,high-intent
건강·영양,밀크씨슬 무료설치,combo,밀크씨슬,무료설치,high-intent
건강·영양,밀크씨슬 비용,combo,밀크씨슬,비용,high-intent
건강·영양,밀크씨슬 상담,combo,밀크씨슬,상담,high-intent
건강·영양,밀크씨슬 견적,combo,밀크씨슬,견적,high-intent
건강·영양,밀크씨슬 가격비교,combo,밀크씨슬,가격비교,high-intent
건강·영양,MSM 가격,combo,MSM,가격,high-intent
건강·영양,MSM 최저가,combo,MSM,최저가,high-intent
건강·영양,MSM 렌탈,combo,MSM,렌탈,high-intent
건강·영양,MSM 대여,combo,MSM,대여,high-intent
건강·영양,MSM 할인,combo,MSM,할인,high-intent
건강·영양,MSM 쿠폰,combo,MSM,쿠폰,high-intent
건강·영양,MSM 구매,combo,MSM,구매,high-intent
건강·영양,MSM 추천,combo,MSM,추천,high-intent
건강·영양,MSM 후기,combo,MSM,후기,high-intent
건강·영양,MSM 효과,combo,MSM,효과,high-intent
건강·영양,MSM 부작용,combo,MSM,부작용,high-intent
건강·영양,MSM 설치,combo,MSM,설치,high-intent
건강·영양,MSM 무료설치,combo,MSM,무료설치,high-intent
건강·영양,MSM 비용,combo,MSM,비용,high-intent
건강·영양,MSM 상담,combo,MSM,상담,high-intent
건강·영양,MSM 견적,combo,MSM,견적,high-intent
건강·영양,MSM 가격비교,combo,MSM,가격비교,high-intent
건강·영양,콜라겐 가격,combo,콜라겐,가격,high-intent
건강·영양,콜라겐 최저가,combo,콜라겐,최저가,high-intent
건강·영양,콜라겐 렌탈,combo,콜라겐,렌탈,high-intent
건강·영양,콜라겐 대여,combo,콜라겐,대여,high-intent
건강·영양,콜라겐 할인,combo,콜라겐,할인,high-intent
건강·영양,콜라겐 쿠폰,combo,콜라겐,쿠폰,high-intent
건강·영양,콜라겐 구매,combo,콜라겐,구매,high-intent
건강·영양,콜라겐 추천,combo,콜라겐,추천,high-intent
건강·영양,콜라겐 후기,combo,콜라겐,후기,high-intent
건강·영양,콜라겐 효과,combo,콜라겐,효과,high-intent
건강·영양,콜라겐 부작용,combo,콜라겐,부작용,high-intent
건강·영양,콜라겐 설치,combo,콜라겐,설치,high-intent
건강·영양,콜라겐 무료설치,combo,콜라겐,무료설치,high-intent
건강·영양,콜라겐 비용,combo,콜라겐,비용,high-intent
건강·영양,콜라겐 상담,combo,콜라겐,상담,high-intent
건강·영양,콜라겐 견적,combo,콜라겐,견적,high-intent
건강·영양,콜라겐 가격비교,combo,콜라겐,가격비교,high-intent
건강·영양,히알루론산 가격,combo,히알루론산,가격,high-intent
건강·영양,히알루론산 최저가,combo,히알루론산,최저가,high-intent
건강·영양,히알루론산 렌탈,combo,히알루론산,렌탈,high-intent
건강·영양,히알루론산 대여,combo,히알루론산,대여,high-intent
건강·영양,히알루론산 할인,combo,히알루론산,할인,high-intent
건강·영양,히알루론산 쿠폰,combo,히알루론산,쿠폰,high-intent
건강·영양,히알루론산 구매,combo,히알루론산,구매,high-intent
건강·영양,히알루론산 추천,combo,히알루론산,추천,high-intent
건강·영양,히알루론산 후기,combo,히알루론산,후기,high-intent
건강·영양,히알루론산 효과,combo,히알루론산,효과,high-intent
건강·영양,히알루론산 부작용,combo,히알루론산,부작용,high-intent
건강·영양,히알루론산 설치,combo,히알루론산,설치,high-intent
건강·영양,히알루론산 무료설치,combo,히알루론산,무료설치,high-intent
건강·영양,히알루론산 비용,combo,히알루론산,비용,high-intent
건강·영양,히알루론산 상담,combo,히알루론산,상담,high-intent
건강·영양,히알루론산 견적,combo,히알루론산,견적,high-intent
건강·영양,히알루론산 가격비교,combo,히알루론산,가격비교,high-intent
건강·영양,아르기닌 가격,combo,아르기닌,가격,high-intent
건강·영양,아르기닌 최저가,combo,아르기닌,최저가,high-intent
건강·영양,아르기닌 렌탈,combo,아르기닌,렌탈,high-intent
건강·영양,아르기닌 대여,combo,아르기닌,대여,high-intent
건강·영양,아르기닌 할인,combo,아르기닌,할인,high-intent
건강·영양,아르기닌 쿠폰,combo,아르기닌,쿠폰,high-intent
건강·영양,아르기닌 구매,combo,아르기닌,구매,high-intent
건강·영양,아르기닌 추천,combo,아르기닌,추천,high-intent
건강·영양,아르기닌 후기,combo,아르기닌,후기,high-intent
건강·영양,아르기닌 효과,combo,아르기닌,효과,high-intent
건강·영양,아르기닌 부작용,combo,아르기닌,부작용,high-intent
건강·영양,아르기닌 설치,combo,아르기닌,설치,high-intent
건강·영양,아르기닌 무료설치,combo,아르기닌,무료설치,high-intent
건강·영양,아르기닌 비용,combo,아르기닌,비용,high-intent
건강·영양,아르기닌 상담,combo,아르기닌,상담,high-intent
건강·영양,아르기닌 견적,combo,아르기닌,견적,high-intent
건강·영양,아르기닌 가격비교,combo,아르기닌,가격비교,high-intent
건강·영양,징코빌로바 가격,combo,징코빌로바,가격,high-intent
건강·영양,징코빌로바 최저가,combo,징코빌로바,최저가,high-intent
건강·영양,징코빌로바 렌탈,combo,징코빌로바,렌탈,high-intent
건강·영양,징코빌로바 대여,combo,징코빌로바,대여,high-intent
건강·영양,징코빌로바 할인,combo,징코빌로바,할인,high-intent
건강·영양,징코빌로바 쿠폰,combo,징코빌로바,쿠폰,high-intent
건강·영양,징코빌로바 구매,combo,징코빌로바,구매,high-intent
건강·영양,징코빌로바 추천,combo,징코빌로바,추천,high-intent
건강·영양,징코빌로바 후기,combo,징코빌로바,후기,high-intent
건강·영양,징코빌로바 효과,combo,징코빌로바,효과,high-intent
건강·영양,징코빌로바 부작용,combo,징코빌로바,부작용,high-intent
건강·영양,징코빌로바 설치,combo,징코빌로바,설치,high-intent
건강·영양,징코빌로바 무료설치,combo,징코빌로바,무료설치,high-intent
건강·영양,징코빌로바 비용,combo,징코빌로바,비용,high-intent
건강·영양,징코빌로바 상담,combo,징코빌로바,상담,high-intent
건강·영양,징코빌로바 견적,combo,징코빌로바,견적,high-intent
건강·영양,징코빌로바 가격비교,combo,징코빌로바,가격비교,high-intent
건강·영양,홍경천 가격,combo,홍경천,가격,high-intent
건강·영양,홍경천 최저가,combo,홍경천,최저가,high-intent
건강·영양,홍경천 렌탈,combo,홍경천,렌탈,high-intent
건강·영양,홍경천 대여,combo,홍경천,대여,high-intent
건강·영양,홍경천 할인,combo,홍경천,할인,high-intent
건강·영양,홍경천 쿠폰,combo,홍경천,쿠폰,high-intent
건강·영양,홍경천 구매,combo,홍경천,구매,high-intent
건강·영양,홍경천 추천,combo,홍경천,추천,high-intent
건강·영양,홍경천 후기,combo,홍경천,후기,high-intent
건강·영양,홍경천 효과,combo,홍경천,효과,high-intent
건강·영양,홍경천 부작용,combo,홍경천,부작용,high-intent
건강·영양,홍경천 설치,combo,홍경천,설치,high-intent
건강·영양,홍경천 무료설치,combo,홍경천,무료설치,high-intent
건강·영양,홍경천 비용,combo,홍경천,비용,high-intent
건강·영양,홍경천 상담,combo,홍경천,상담,high-intent
건강·영양,홍경천 견적,combo,홍경천,견적,high-intent
건강·영양,홍경천 가격비교,combo,홍경천,가격비교,high-intent
건강·영양,단백질보충제 가격,combo,단백질보충제,가격,high-intent
건강·영양,단백질보충제 최저가,combo,단백질보충제,최저가,high-intent
건강·영양,단백질보충제 렌탈,combo,단백질보충제,렌탈,high-intent
건강·영양,단백질보충제 대여,combo,단백질보충제,대여,high-intent
건강·영양,단백질보충제 할인,combo,단백질보충제,할인,high-intent
건강·영양,단백질보충제 쿠폰,combo,단백질보충제,쿠폰,high-intent
건강·영양,단백질보충제 구매,combo,단백질보충제,구매,high-intent
건강·영양,단백질보충제 추천,combo,단백질보충제,추천,high-intent
건강·영양,단백질보충제 후기,combo,단백질보충제,후기,high-intent
건강·영양,단백질보충제 효과,combo,단백질보충제,효과,high-intent
건강·영양,단백질보충제 부작용,combo,단백질보충제,부작용,high-intent
건강·영양,단백질보충제 설치,combo,단백질보충제,설치,high-intent
건강·영양,단백질보충제 무료설치,combo,단백질보충제,무료설치,high-intent
건강·영양,단백질보충제 비용,combo,단백질보충제,비용,high-intent
건강·영양,단백질보충제 상담,combo,단백질보충제,상담,high-intent
건강·영양,단백질보충제 견적,combo,단백질보충제,견적,high-intent
건강·영양,단백질보충제 가격비교,combo,단백질보충제,가격비교,high-intent
건강·영양,WPI 가격,combo,WPI,가격,high-intent
건강·영양,WPI 최저가,combo,WPI,최저가,high-intent
건강·영양,WPI 렌탈,combo,WPI,렌탈,high-intent
건강·영양,WPI 대여,combo,WPI,대여,high-intent
건강·영양,WPI 할인,combo,WPI,할인,high-intent
건강·영양,WPI 쿠폰,combo,WPI,쿠폰,high-intent
건강·영양,WPI 구매,combo,WPI,구매,high-intent
건강·영양,WPI 추천,combo,WPI,추천,high-intent
건강·영양,WPI 후기,combo,WPI,후기,high-intent
건강·영양,WPI 효과,combo,WPI,효과,high-intent
건강·영양,WPI 부작용,combo,WPI,부작용,high-intent
건강·영양,WPI 설치,combo,WPI,설치,high-intent
건강·영양,WPI 무료설치,combo,WPI,무료설치,high-intent
건강·영양,WPI 비용,combo,WPI,비용,high-intent
건강·영양,WPI 상담,combo,WPI,상담,high-intent
건강·영양,WPI 견적,combo,WPI,견적,high-intent
건강·영양,WPI 가격비교,combo,WPI,가격비교,high-intent
건강·영양,WPC 가격,combo,WPC,가격,high-intent
건강·영양,WPC 최저가,combo,WPC,최저가,high-intent
건강·영양,WPC 렌탈,combo,WPC,렌탈,high-intent
건강·영양,WPC 대여,combo,WPC,대여,high-intent
건강·영양,WPC 할인,combo,WPC,할인,high-intent
건강·영양,WPC 쿠폰,combo,WPC,쿠폰,high-intent
건강·영양,WPC 구매,combo,WPC,구매,high-intent
건강·영양,WPC 추천,combo,WPC,추천,high-intent
건강·영양,WPC 후기,combo,WPC,후기,high-intent
건강·영양,WPC 효과,combo,WPC,효과,high-intent
건강·영양,WPC 부작용,combo,WPC,부작용,high-intent
건강·영양,WPC 설치,combo,WPC,설치,high-intent
건강·영양,WPC 무료설치,combo,WPC,무료설치,high-intent
건강·영양,WPC 비용,combo,WPC,비용,high-intent
건강·영양,WPC 상담,combo,WPC,상담,high-intent
건강·영양,WPC 견적,combo,WPC,견적,high-intent
건강·영양,WPC 가격비교,combo,WPC,가격비교,high-intent
건강·영양,BCAA 가격,combo,BCAA,가격,high-intent
건강·영양,BCAA 최저가,combo,BCAA,최저가,high-intent
건강·영양,BCAA 렌탈,combo,BCAA,렌탈,high-intent
건강·영양,BCAA 대여,combo,BCAA,대여,high-intent
건강·영양,BCAA 할인,combo,BCAA,할인,high-intent
건강·영양,BCAA 쿠폰,combo,BCAA,쿠폰,high-intent
건강·영양,BCAA 구매,combo,BCAA,구매,high-intent
건강·영양,BCAA 추천,combo,BCAA,추천,high-intent
건강·영양,BCAA 후기,combo,BCAA,후기,high-intent
건강·영양,BCAA 효과,combo,BCAA,효과,high-intent
건강·영양,BCAA 부작용,combo,BCAA,부작용,high-intent
건강·영양,BCAA 설치,combo,BCAA,설치,high-intent
건강·영양,BCAA 무료설치,combo,BCAA,무료설치,high-intent
건강·영양,BCAA 비용,combo,BCAA,비용,high-intent
건강·영양,BCAA 상담,combo,BCAA,상담,high-intent
건강·영양,BCAA 견적,combo,BCAA,견적,high-intent
건강·영양,BCAA 가격비교,combo,BCAA,가격비교,high-intent
건강·영양,크레아틴 가격,combo,크레아틴,가격,high-intent
건강·영양,크레아틴 최저가,combo,크레아틴,최저가,high-intent
건강·영양,크레아틴 렌탈,combo,크레아틴,렌탈,high-intent
건강·영양,크레아틴 대여,combo,크레아틴,대여,high-intent
건강·영양,크레아틴 할인,combo,크레아틴,할인,high-intent
건강·영양,크레아틴 쿠폰,combo,크레아틴,쿠폰,high-intent
건강·영양,크레아틴 구매,combo,크레아틴,구매,high-intent
건강·영양,크레아틴 추천,combo,크레아틴,추천,high-intent
건강·영양,크레아틴 후기,combo,크레아틴,후기,high-intent
건강·영양,크레아틴 효과,combo,크레아틴,효과,high-intent
건강·영양,크레아틴 부작용,combo,크레아틴,부작용,high-intent
건강·영양,크레아틴 설치,combo,크레아틴,설치,high-intent
건강·영양,크레아틴 무료설치,combo,크레아틴,무료설치,high-intent
건강·영양,크레아틴 비용,combo,크레아틴,비용,high-intent
건강·영양,크레아틴 상담,combo,크레아틴,상담,high-intent
건강·영양,크레아틴 견적,combo,크레아틴,견적,high-intent
건강·영양,크레아틴 가격비교,combo,크레아틴,가격비교,high-intent
건강·영양,다이어트보조제 가격,combo,다이어트보조제,가격,high-intent
건강·영양,다이어트보조제 최저가,combo,다이어트보조제,최저가,high-intent
건강·영양,다이어트보조제 렌탈,combo,다이어트보조제,렌탈,high-intent
건강·영양,다이어트보조제 대여,combo,다이어트보조제,대여,high-intent
건강·영양,다이어트보조제 할인,combo,다이어트보조제,할인,high-intent
건강·영양,다이어트보조제 쿠폰,combo,다이어트보조제,쿠폰,high-intent
건강·영양,다이어트보조제 구매,combo,다이어트보조제,구매,high-intent
건강·영양,다이어트보조제 추천,combo,다이어트보조제,추천,high-intent
건강·영양,다이어트보조제 후기,combo,다이어트보조제,후기,high-intent
건강·영양,다이어트보조제 효과,combo,다이어트보조제,효과,high-intent
건강·영양,다이어트보조제 부작용,combo,다이어트보조제,부작용,high-intent
건강·영양,다이어트보조제 설치,combo,다이어트보조제,설치,high-intent
건강·영양,다이어트보조제 무료설치,combo,다이어트보조제,무료설치,high-intent
건강·영양,다이어트보조제 비용,combo,다이어트보조제,비용,high-intent
건강·영양,다이어트보조제 상담,combo,다이어트보조제,상담,high-intent
건강·영양,다이어트보조제 견적,combo,다이어트보조제,견적,high-intent
건강·영양,다이어트보조제 가격비교,combo,다이어트보조제,가격비교,high-intent
건강·영양,가르시니아 가격,combo,가르시니아,가격,high-intent
건강·영양,가르시니아 최저가,combo,가르시니아,최저가,high-intent
건강·영양,가르시니아 렌탈,combo,가르시니아,렌탈,high-intent
건강·영양,가르시니아 대여,combo,가르시니아,대여,high-intent
건강·영양,가르시니아 할인,combo,가르시니아,할인,high-intent
건강·영양,가르시니아 쿠폰,combo,가르시니아,쿠폰,high-intent
건강·영양,가르시니아 구매,combo,가르시니아,구매,high-intent
건강·영양,가르시니아 추천,combo,가르시니아,추천,high-intent
건강·영양,가르시니아 후기,combo,가르시니아,후기,high-intent
건강·영양,가르시니아 효과,combo,가르시니아,효과,high-intent
건강·영양,가르시니아 부작용,combo,가르시니아,부작용,high-intent
건강·영양,가르시니아 설치,combo,가르시니아,설치,high-intent
건강·영양,가르시니아 무료설치,combo,가르시니아,무료설치,high-intent
건강·영양,가르시니아 비용,combo,가르시니아,비용,high-intent
건강·영양,가르시니아 상담,combo,가르시니아,상담,high-intent
건강·영양,가르시니아 견적,combo,가르시니아,견적,high-intent
건강·영양,가르시니아 가격비교,combo,가르시니아,가격비교,high-intent
건강·영양,녹차카테킨 가격,combo,녹차카테킨,가격,high-intent
건강·영양,녹차카테킨 최저가,combo,녹차카테킨,최저가,high-intent
건강·영양,녹차카테킨 렌탈,combo,녹차카테킨,렌탈,high-intent
건강·영양,녹차카테킨 대여,combo,녹차카테킨,대여,high-intent
건강·영양,녹차카테킨 할인,combo,녹차카테킨,할인,high-intent
건강·영양,녹차카테킨 쿠폰,combo,녹차카테킨,쿠폰,high-intent
건강·영양,녹차카테킨 구매,combo,녹차카테킨,구매,high-intent
건강·영양,녹차카테킨 추천,combo,녹차카테킨,추천,high-intent
건강·영양,녹차카테킨 후기,combo,녹차카테킨,후기,high-intent
건강·영양,녹차카테킨 효과,combo,녹차카테킨,효과,high-intent
건강·영양,녹차카테킨 부작용,combo,녹차카테킨,부작용,high-intent
건강·영양,녹차카테킨 설치,combo,녹차카테킨,설치,high-intent
건강·영양,녹차카테킨 무료설치,combo,녹차카테킨,무료설치,high-intent
건강·영양,녹차카테킨 비용,combo,녹차카테킨,비용,high-intent
건강·영양,녹차카테킨 상담,combo,녹차카테킨,상담,high-intent
건강·영양,녹차카테킨 견적,combo,녹차카테킨,견적,high-intent
건강·영양,녹차카테킨 가격비교,combo,녹차카테킨,가격비교,high-intent
건강·영양,혈압측정기 가격,combo,혈압측정기,가격,high-intent
건강·영양,혈압측정기 최저가,combo,혈압측정기,최저가,high-intent
건강·영양,혈압측정기 렌탈,combo,혈압측정기,렌탈,high-intent
건강·영양,혈압측정기 대여,combo,혈압측정기,대여,high-intent
건강·영양,혈압측정기 할인,combo,혈압측정기,할인,high-intent
건강·영양,혈압측정기 쿠폰,combo,혈압측정기,쿠폰,high-intent
건강·영양,혈압측정기 구매,combo,혈압측정기,구매,high-intent
건강·영양,혈압측정기 추천,combo,혈압측정기,추천,high-intent
건강·영양,혈압측정기 후기,combo,혈압측정기,후기,high-intent
건강·영양,혈압측정기 효과,combo,혈압측정기,효과,high-intent
건강·영양,혈압측정기 부작용,combo,혈압측정기,부작용,high-intent
건강·영양,혈압측정기 설치,combo,혈압측정기,설치,high-intent
건강·영양,혈압측정기 무료설치,combo,혈압측정기,무료설치,high-intent
건강·영양,혈압측정기 비용,combo,혈압측정기,비용,high-intent
건강·영양,혈압측정기 상담,combo,혈압측정기,상담,high-intent
건강·영양,혈압측정기 견적,combo,혈압측정기,견적,high-intent
건강·영양,혈압측정기 가격비교,combo,혈압측정기,가격비교,high-intent
건강·영양,혈당측정기 가격,combo,혈당측정기,가격,high-intent
건강·영양,혈당측정기 최저가,combo,혈당측정기,최저가,high-intent
건강·영양,혈당측정기 렌탈,combo,혈당측정기,렌탈,high-intent
건강·영양,혈당측정기 대여,combo,혈당측정기,대여,high-intent
건강·영양,혈당측정기 할인,combo,혈당측정기,할인,high-intent
건강·영양,혈당측정기 쿠폰,combo,혈당측정기,쿠폰,high-intent
건강·영양,혈당측정기 구매,combo,혈당측정기,구매,high-intent
건강·영양,혈당측정기 추천,combo,혈당측정기,추천,high-intent
건강·영양,혈당측정기 후기,combo,혈당측정기,후기,high-intent
건강·영양,혈당측정기 효과,combo,혈당측정기,효과,high-intent
건강·영양,혈당측정기 부작용,combo,혈당측정기,부작용,high-intent
건강·영양,혈당측정기 설치,combo,혈당측정기,설치,high-intent
건강·영양,혈당측정기 무료설치,combo,혈당측정기,무료설치,high-intent
건강·영양,혈당측정기 비용,combo,혈당측정기,비용,high-intent
건강·영양,혈당측정기 상담,combo,혈당측정기,상담,high-intent
건강·영양,혈당측정기 견적,combo,혈당측정기,견적,high-intent
건강·영양,혈당측정기 가격비교,combo,혈당측정기,가격비교,high-intent
건강·영양,체지방측정기 가격,combo,체지방측정기,가격,high-intent
건강·영양,체지방측정기 최저가,combo,체지방측정기,최저가,high-intent
건강·영양,체지방측정기 렌탈,combo,체지방측정기,렌탈,high-intent
건강·영양,체지방측정기 대여,combo,체지방측정기,대여,high-intent
건강·영양,체지방측정기 할인,combo,체지방측정기,할인,high-intent
건강·영양,체지방측정기 쿠폰,combo,체지방측정기,쿠폰,high-intent
건강·영양,체지방측정기 구매,combo,체지방측정기,구매,high-intent
건강·영양,체지방측정기 추천,combo,체지방측정기,추천,high-intent
건강·영양,체지방측정기 후기,combo,체지방측정기,후기,high-intent
건강·영양,체지방측정기 효과,combo,체지방측정기,효과,high-intent
건강·영양,체지방측정기 부작용,combo,체지방측정기,부작용,high-intent
건강·영양,체지방측정기 설치,combo,체지방측정기,설치,high-intent
건강·영양,체지방측정기 무료설치,combo,체지방측정기,무료설치,high-intent
건강·영양,체지방측정기 비용,combo,체지방측정기,비용,high-intent
건강·영양,체지방측정기 상담,combo,체지방측정기,상담,high-intent
건강·영양,체지방측정기 견적,combo,체지방측정기,견적,high-intent
건강·영양,체지방측정기 가격비교,combo,체지방측정기,가격비교,high-intent
건강·영양,저주파자극기 가격,combo,저주파자극기,가격,high-intent
건강·영양,저주파자극기 최저가,combo,저주파자극기,최저가,high-intent
건강·영양,저주파자극기 렌탈,combo,저주파자극기,렌탈,high-intent
건강·영양,저주파자극기 대여,combo,저주파자극기,대여,high-intent
건강·영양,저주파자극기 할인,combo,저주파자극기,할인,high-intent
건강·영양,저주파자극기 쿠폰,combo,저주파자극기,쿠폰,high-intent
건강·영양,저주파자극기 구매,combo,저주파자극기,구매,high-intent
건강·영양,저주파자극기 추천,combo,저주파자극기,추천,high-intent
건강·영양,저주파자극기 후기,combo,저주파자극기,후기,high-intent
건강·영양,저주파자극기 효과,combo,저주파자극기,효과,high-intent
건강·영양,저주파자극기 부작용,combo,저주파자극기,부작용,high-intent
건강·영양,저주파자극기 설치,combo,저주파자극기,설치,high-intent
건강·영양,저주파자극기 무료설치,combo,저주파자극기,무료설치,high-intent
건강·영양,저주파자극기 비용,combo,저주파자극기,비용,high-intent
건강·영양,저주파자극기 상담,combo,저주파자극기,상담,high-intent
건강·영양,저주파자극기 견적,combo,저주파자극기,견적,high-intent
건강·영양,저주파자극기 가격비교,combo,저주파자극기,가격비교,high-intent
건강·영양,철분제 가격,combo,철분제,가격,high-intent
건강·영양,철분제 최저가,combo,철분제,최저가,high-intent
건강·영양,철분제 렌탈,combo,철분제,렌탈,high-intent
건강·영양,철분제 대여,combo,철분제,대여,high-intent
건강·영양,철분제 할인,combo,철분제,할인,high-intent
건강·영양,철분제 쿠폰,combo,철분제,쿠폰,high-intent
건강·영양,철분제 구매,combo,철분제,구매,high-intent
건강·영양,철분제 추천,combo,철분제,추천,high-intent
건강·영양,철분제 후기,combo,철분제,후기,high-intent
건강·영양,철분제 효과,combo,철분제,효과,high-intent
건강·영양,철분제 부작용,combo,철분제,부작용,high-intent
건강·영양,철분제 설치,combo,철분제,설치,high-intent
건강·영양,철분제 무료설치,combo,철분제,무료설치,high-intent
건강·영양,철분제 비용,combo,철분제,비용,high-intent
건강·영양,철분제 상담,combo,철분제,상담,high-intent
건강·영양,철분제 견적,combo,철분제,견적,high-intent
건강·영양,철분제 가격비교,combo,철분제,가격비교,high-intent
건강·영양,칼슘마그네슘 가격,combo,칼슘마그네슘,가격,high-intent
건강·영양,칼슘마그네슘 최저가,combo,칼슘마그네슘,최저가,high-intent
건강·영양,칼슘마그네슘 렌탈,combo,칼슘마그네슘,렌탈,high-intent
건강·영양,칼슘마그네슘 대여,combo,칼슘마그네슘,대여,high-intent
건강·영양,칼슘마그네슘 할인,combo,칼슘마그네슘,할인,high-intent
건강·영양,칼슘마그네슘 쿠폰,combo,칼슘마그네슘,쿠폰,high-intent
건강·영양,칼슘마그네슘 구매,combo,칼슘마그네슘,구매,high-intent
건강·영양,칼슘마그네슘 추천,combo,칼슘마그네슘,추천,high-intent
건강·영양,칼슘마그네슘 후기,combo,칼슘마그네슘,후기,high-intent
건강·영양,칼슘마그네슘 효과,combo,칼슘마그네슘,효과,high-intent
건강·영양,칼슘마그네슘 부작용,combo,칼슘마그네슘,부작용,high-intent
건강·영양,칼슘마그네슘 설치,combo,칼슘마그네슘,설치,high-intent
건강·영양,칼슘마그네슘 무료설치,combo,칼슘마그네슘,무료설치,high-intent
건강·영양,칼슘마그네슘 비용,combo,칼슘마그네슘,비용,high-intent
건강·영양,칼슘마그네슘 상담,combo,칼슘마그네슘,상담,high-intent
건강·영양,칼슘마그네슘 견적,combo,칼슘마그네슘,견적,high-intent
건강·영양,칼슘마그네슘 가격비교,combo,칼슘마그네슘,가격비교,high-intent
건강·영양,비오틴 가격,combo,비오틴,가격,high-intent
건강·영양,비오틴 최저가,combo,비오틴,최저가,high-intent
건강·영양,비오틴 렌탈,combo,비오틴,렌탈,high-intent
건강·영양,비오틴 대여,combo,비오틴,대여,high-intent
건강·영양,비오틴 할인,combo,비오틴,할인,high-intent
건강·영양,비오틴 쿠폰,combo,비오틴,쿠폰,high-intent
건강·영양,비오틴 구매,combo,비오틴,구매,high-intent
건강·영양,비오틴 추천,combo,비오틴,추천,high-intent
건강·영양,비오틴 후기,combo,비오틴,후기,high-intent
건강·영양,비오틴 효과,combo,비오틴,효과,high-intent
건강·영양,비오틴 부작용,combo,비오틴,부작용,high-intent
건강·영양,비오틴 설치,combo,비오틴,설치,high-intent
건강·영양,비오틴 무료설치,combo,비오틴,무료설치,high-intent
건강·영양,비오틴 비용,combo,비오틴,비용,high-intent
건강·영양,비오틴 상담,combo,비오틴,상담,high-intent
건강·영양,비오틴 견적,combo,비오틴,견적,high-intent
건강·영양,비오틴 가격비교,combo,비오틴,가격비교,high-intent
건강·영양,코엔자임Q10 가격,combo,코엔자임Q10,가격,high-intent
건강·영양,코엔자임Q10 최저가,combo,코엔자임Q10,최저가,high-intent
건강·영양,코엔자임Q10 렌탈,combo,코엔자임Q10,렌탈,high-intent
건강·영양,코엔자임Q10 대여,combo,코엔자임Q10,대여,high-intent
건강·영양,코엔자임Q10 할인,combo,코엔자임Q10,할인,high-intent
건강·영양,코엔자임Q10 쿠폰,combo,코엔자임Q10,쿠폰,high-intent
건강·영양,코엔자임Q10 구매,combo,코엔자임Q10,구매,high-intent
건강·영양,코엔자임Q10 추천,combo,코엔자임Q10,추천,high-intent
건강·영양,코엔자임Q10 후기,combo,코엔자임Q10,후기,high-intent
건강·영양,코엔자임Q10 효과,combo,코엔자임Q10,효과,high-intent
건강·영양,코엔자임Q10 부작용,combo,코엔자임Q10,부작용,high-intent
건강·영양,코엔자임Q10 설치,combo,코엔자임Q10,설치,high-intent
건강·영양,코엔자임Q10 무료설치,combo,코엔자임Q10,무료설치,high-intent
건강·영양,코엔자임Q10 비용,combo,코엔자임Q10,비용,high-intent
건강·영양,코엔자임Q10 상담,combo,코엔자임Q10,상담,high-intent
건강·영양,코엔자임Q10 견적,combo,코엔자임Q10,견적,high-intent
건강·영양,코엔자임Q10 가격비교,combo,코엔자임Q10,가격비교,high-intent
건강·영양,나이아신아마이드 가격,combo,나이아신아마이드,가격,high-intent
건강·영양,나이아신아마이드 최저가,combo,나이아신아마이드,최저가,high-intent
건강·영양,나이아신아마이드 렌탈,combo,나이아신아마이드,렌탈,high-intent
건강·영양,나이아신아마이드 대여,combo,나이아신아마이드,대여,high-intent
건강·영양,나이아신아마이드 할인,combo,나이아신아마이드,할인,high-intent
건강·영양,나이아신아마이드 쿠폰,combo,나이아신아마이드,쿠폰,high-intent
건강·영양,나이아신아마이드 구매,combo,나이아신아마이드,구매,high-intent
건강·영양,나이아신아마이드 추천,combo,나이아신아마이드,추천,high-intent
건강·영양,나이아신아마이드 후기,combo,나이아신아마이드,후기,high-intent
건강·영양,나이아신아마이드 효과,combo,나이아신아마이드,효과,high-intent
건강·영양,나이아신아마이드 부작용,combo,나이아신아마이드,부작용,high-intent
건강·영양,나이아신아마이드 설치,combo,나이아신아마이드,설치,high-intent
건강·영양,나이아신아마이드 무료설치,combo,나이아신아마이드,무료설치,high-intent
건강·영양,나이아신아마이드 비용,combo,나이아신아마이드,비용,high-intent
건강·영양,나이아신아마이드 상담,combo,나이아신아마이드,상담,high-intent
건강·영양,나이아신아마이드 견적,combo,나이아신아마이드,견적,high-intent
건강·영양,나이아신아마이드 가격비교,combo,나이아신아마이드,가격비교,high-intent
뷰티·스킨케어,선크림 가격,combo,선크림,가격,high-intent
뷰티·스킨케어,선크림 최저가,combo,선크림,최저가,high-intent
뷰티·스킨케어,선크림 렌탈,combo,선크림,렌탈,high-intent
뷰티·스킨케어,선크림 대여,combo,선크림,대여,high-intent
뷰티·스킨케어,선크림 할인,combo,선크림,할인,high-intent
뷰티·스킨케어,선크림 쿠폰,combo,선크림,쿠폰,high-intent
뷰티·스킨케어,선크림 구매,combo,선크림,구매,high-intent
뷰티·스킨케어,선크림 추천,combo,선크림,추천,high-intent
뷰티·스킨케어,선크림 후기,combo,선크림,후기,high-intent
뷰티·스킨케어,선크림 효과,combo,선크림,효과,high-intent
뷰티·스킨케어,선크림 부작용,combo,선크림,부작용,high-intent
뷰티·스킨케어,선크림 설치,combo,선크림,설치,high-intent
뷰티·스킨케어,선크림 무료설치,combo,선크림,무료설치,high-intent
뷰티·스킨케어,선크림 비용,combo,선크림,비용,high-intent
뷰티·스킨케어,선크림 상담,combo,선크림,상담,high-intent
뷰티·스킨케어,선크림 견적,combo,선크림,견적,high-intent
뷰티·스킨케어,선크림 가격비교,combo,선크림,가격비교,high-intent
뷰티·스킨케어,수분크림 가격,combo,수분크림,가격,high-intent
뷰티·스킨케어,수분크림 최저가,combo,수분크림,최저가,high-intent
뷰티·스킨케어,수분크림 렌탈,combo,수분크림,렌탈,high-intent
뷰티·스킨케어,수분크림 대여,combo,수분크림,대여,high-intent
뷰티·스킨케어,수분크림 할인,combo,수분크림,할인,high-intent
뷰티·스킨케어,수분크림 쿠폰,combo,수분크림,쿠폰,high-intent
뷰티·스킨케어,수분크림 구매,combo,수분크림,구매,high-intent
뷰티·스킨케어,수분크림 추천,combo,수분크림,추천,high-intent
뷰티·스킨케어,수분크림 후기,combo,수분크림,후기,high-intent
뷰티·스킨케어,수분크림 효과,combo,수분크림,효과,high-intent
뷰티·스킨케어,수분크림 부작용,combo,수분크림,부작용,high-intent
뷰티·스킨케어,수분크림 설치,combo,수분크림,설치,high-intent
뷰티·스킨케어,수분크림 무료설치,combo,수분크림,무료설치,high-intent
뷰티·스킨케어,수분크림 비용,combo,수분크림,비용,high-intent
뷰티·스킨케어,수분크림 상담,combo,수분크림,상담,high-intent
뷰티·스킨케어,수분크림 견적,combo,수분크림,견적,high-intent
뷰티·스킨케어,수분크림 가격비교,combo,수분크림,가격비교,high-intent
뷰티·스킨케어,모이스처라이저 가격,combo,모이스처라이저,가격,high-intent
뷰티·스킨케어,모이스처라이저 최저가,combo,모이스처라이저,최저가,high-intent
뷰티·스킨케어,모이스처라이저 렌탈,combo,모이스처라이저,렌탈,high-intent
뷰티·스킨케어,모이스처라이저 대여,combo,모이스처라이저,대여,high-intent
뷰티·스킨케어,모이스처라이저 할인,combo,모이스처라이저,할인,high-intent
뷰티·스킨케어,모이스처라이저 쿠폰,combo,모이스처라이저,쿠폰,high-intent
뷰티·스킨케어,모이스처라이저 구매,combo,모이스처라이저,구매,high-intent
뷰티·스킨케어,모이스처라이저 추천,combo,모이스처라이저,추천,high-intent
뷰티·스킨케어,모이스처라이저 후기,combo,모이스처라이저,후기,high-intent
뷰티·스킨케어,모이스처라이저 효과,combo,모이스처라이저,효과,high-intent
뷰티·스킨케어,모이스처라이저 부작용,combo,모이스처라이저,부작용,high-intent
뷰티·스킨케어,모이스처라이저 설치,combo,모이스처라이저,설치,high-intent
뷰티·스킨케어,모이스처라이저 무료설치,combo,모이스처라이저,무료설치,high-intent
뷰티·스킨케어,모이스처라이저 비용,combo,모이스처라이저,비용,high-intent
뷰티·스킨케어,모이스처라이저 상담,combo,모이스처라이저,상담,high-intent
뷰티·스킨케어,모이스처라이저 견적,combo,모이스처라이저,견적,high-intent
뷰티·스킨케어,모이스처라이저 가격비교,combo,모이스처라이저,가격비교,high-intent
뷰티·스킨케어,앰플 가격,combo,앰플,가격,high-intent
뷰티·스킨케어,앰플 최저가,combo,앰플,최저가,high-intent
뷰티·스킨케어,앰플 렌탈,combo,앰플,렌탈,high-intent
뷰티·스킨케어,앰플 대여,combo,앰플,대여,high-intent
뷰티·스킨케어,앰플 할인,combo,앰플,할인,high-intent
뷰티·스킨케어,앰플 쿠폰,combo,앰플,쿠폰,high-intent
뷰티·스킨케어,앰플 구매,combo,앰플,구매,high-intent
뷰티·스킨케어,앰플 추천,combo,앰플,추천,high-intent
뷰티·스킨케어,앰플 후기,combo,앰플,후기,high-intent
뷰티·스킨케어,앰플 효과,combo,앰플,효과,high-intent
뷰티·스킨케어,앰플 부작용,combo,앰플,부작용,high-intent
뷰티·스킨케어,앰플 설치,combo,앰플,설치,high-intent
뷰티·스킨케어,앰플 무료설치,combo,앰플,무료설치,high-intent
뷰티·스킨케어,앰플 비용,combo,앰플,비용,high-intent
뷰티·스킨케어,앰플 상담,combo,앰플,상담,high-intent
뷰티·스킨케어,앰플 견적,combo,앰플,견적,high-intent
뷰티·스킨케어,앰플 가격비교,combo,앰플,가격비교,high-intent
뷰티·스킨케어,세럼 가격,combo,세럼,가격,high-intent
뷰티·스킨케어,세럼 최저가,combo,세럼,최저가,high-intent
뷰티·스킨케어,세럼 렌탈,combo,세럼,렌탈,high-intent
뷰티·스킨케어,세럼 대여,combo,세럼,대여,high-intent
뷰티·스킨케어,세럼 할인,combo,세럼,할인,high-intent
뷰티·스킨케어,세럼 쿠폰,combo,세럼,쿠폰,high-intent
뷰티·스킨케어,세럼 구매,combo,세럼,구매,high-intent
뷰티·스킨케어,세럼 추천,combo,세럼,추천,high-intent
뷰티·스킨케어,세럼 후기,combo,세럼,후기,high-intent
뷰티·스킨케어,세럼 효과,combo,세럼,효과,high-intent
뷰티·스킨케어,세럼 부작용,combo,세럼,부작용,high-intent
뷰티·스킨케어,세럼 설치,combo,세럼,설치,high-intent
뷰티·스킨케어,세럼 무료설치,combo,세럼,무료설치,high-intent
뷰티·스킨케어,세럼 비용,combo,세럼,비용,high-intent
뷰티·스킨케어,세럼 상담,combo,세럼,상담,high-intent
뷰티·스킨케어,세럼 견적,combo,세럼,견적,high-intent
뷰티·스킨케어,세럼 가격비교,combo,세럼,가격비교,high-intent
뷰티·스킨케어,에센스 가격,combo,에센스,가격,high-intent
뷰티·스킨케어,에센스 최저가,combo,에센스,최저가,high-intent
뷰티·스킨케어,에센스 렌탈,combo,에센스,렌탈,high-intent
뷰티·스킨케어,에센스 대여,combo,에센스,대여,high-intent
뷰티·스킨케어,에센스 할인,combo,에센스,할인,high-intent
뷰티·스킨케어,에센스 쿠폰,combo,에센스,쿠폰,high-intent
뷰티·스킨케어,에센스 구매,combo,에센스,구매,high-intent
뷰티·스킨케어,에센스 추천,combo,에센스,추천,high-intent
뷰티·스킨케어,에센스 후기,combo,에센스,후기,high-intent
뷰티·스킨케어,에센스 효과,combo,에센스,효과,high-intent
뷰티·스킨케어,에센스 부작용,combo,에센스,부작용,high-intent
뷰티·스킨케어,에센스 설치,combo,에센스,설치,high-intent
뷰티·스킨케어,에센스 무료설치,combo,에센스,무료설치,high-intent
뷰티·스킨케어,에센스 비용,combo,에센스,비용,high-intent
뷰티·스킨케어,에센스 상담,combo,에센스,상담,high-intent
뷰티·스킨케어,에센스 견적,combo,에센스,견적,high-intent
뷰티·스킨케어,에센스 가격비교,combo,에센스,가격비교,high-intent
뷰티·스킨케어,토너 가격,combo,토너,가격,high-intent
뷰티·스킨케어,토너 최저가,combo,토너,최저가,high-intent
뷰티·스킨케어,토너 렌탈,combo,토너,렌탈,high-intent
뷰티·스킨케어,토너 대여,combo,토너,대여,high-intent
뷰티·스킨케어,토너 할인,combo,토너,할인,high-intent
뷰티·스킨케어,토너 쿠폰,combo,토너,쿠폰,high-intent
뷰티·스킨케어,토너 구매,combo,토너,구매,high-intent
뷰티·스킨케어,토너 추천,combo,토너,추천,high-intent
뷰티·스킨케어,토너 후기,combo,토너,후기,high-intent
뷰티·스킨케어,토너 효과,combo,토너,효과,high-intent
뷰티·스킨케어,토너 부작용,combo,토너,부작용,high-intent
뷰티·스킨케어,토너 설치,combo,토너,설치,high-intent
뷰티·스킨케어,토너 무료설치,combo,토너,무료설치,high-intent
뷰티·스킨케어,토너 비용,combo,토너,비용,high-intent
뷰티·스킨케어,토너 상담,combo,토너,상담,high-intent
뷰티·스킨케어,토너 견적,combo,토너,견적,high-intent
뷰티·스킨케어,토너 가격비교,combo,토너,가격비교,high-intent
뷰티·스킨케어,아이크림 가격,combo,아이크림,가격,high-intent
뷰티·스킨케어,아이크림 최저가,combo,아이크림,최저가,high-intent
뷰티·스킨케어,아이크림 렌탈,combo,아이크림,렌탈,high-intent
뷰티·스킨케어,아이크림 대여,combo,아이크림,대여,high-intent
뷰티·스킨케어,아이크림 할인,combo,아이크림,할인,high-intent
뷰티·스킨케어,아이크림 쿠폰,combo,아이크림,쿠폰,high-intent
뷰티·스킨케어,아이크림 구매,combo,아이크림,구매,high-intent
뷰티·스킨케어,아이크림 추천,combo,아이크림,추천,high-intent
뷰티·스킨케어,아이크림 후기,combo,아이크림,후기,high-intent
뷰티·스킨케어,아이크림 효과,combo,아이크림,효과,high-intent
뷰티·스킨케어,아이크림 부작용,combo,아이크림,부작용,high-intent
뷰티·스킨케어,아이크림 설치,combo,아이크림,설치,high-intent
뷰티·스킨케어,아이크림 무료설치,combo,아이크림,무료설치,high-intent
뷰티·스킨케어,아이크림 비용,combo,아이크림,비용,high-intent
뷰티·스킨케어,아이크림 상담,combo,아이크림,상담,high-intent
뷰티·스킨케어,아이크림 견적,combo,아이크림,견적,high-intent
뷰티·스킨케어,아이크림 가격비교,combo,아이크림,가격비교,high-intent
뷰티·스킨케어,폼클렌저 가격,combo,폼클렌저,가격,high-intent
뷰티·스킨케어,폼클렌저 최저가,combo,폼클렌저,최저가,high-intent
뷰티·스킨케어,폼클렌저 렌탈,combo,폼클렌저,렌탈,high-intent
뷰티·스킨케어,폼클렌저 대여,combo,폼클렌저,대여,high-intent
뷰티·스킨케어,폼클렌저 할인,combo,폼클렌저,할인,high-intent
뷰티·스킨케어,폼클렌저 쿠폰,combo,폼클렌저,쿠폰,high-intent
뷰티·스킨케어,폼클렌저 구매,combo,폼클렌저,구매,high-intent
뷰티·스킨케어,폼클렌저 추천,combo,폼클렌저,추천,high-intent
뷰티·스킨케어,폼클렌저 후기,combo,폼클렌저,후기,high-intent
뷰티·스킨케어,폼클렌저 효과,combo,폼클렌저,효과,high-intent
뷰티·스킨케어,폼클렌저 부작용,combo,폼클렌저,부작용,high-intent
뷰티·스킨케어,폼클렌저 설치,combo,폼클렌저,설치,high-intent
뷰티·스킨케어,폼클렌저 무료설치,combo,폼클렌저,무료설치,high-intent
뷰티·스킨케어,폼클렌저 비용,combo,폼클렌저,비용,high-intent
뷰티·스킨케어,폼클렌저 상담,combo,폼클렌저,상담,high-intent
뷰티·스킨케어,폼클렌저 견적,combo,폼클렌저,견적,high-intent
뷰티·스킨케어,폼클렌저 가격비교,combo,폼클렌저,가격비교,high-intent
뷰티·스킨케어,클렌징오일 가격,combo,클렌징오일,가격,high-intent
뷰티·스킨케어,클렌징오일 최저가,combo,클렌징오일,최저가,high-intent
뷰티·스킨케어,클렌징오일 렌탈,combo,클렌징오일,렌탈,high-intent
뷰티·스킨케어,클렌징오일 대여,combo,클렌징오일,대여,high-intent
뷰티·스킨케어,클렌징오일 할인,combo,클렌징오일,할인,high-intent
뷰티·스킨케어,클렌징오일 쿠폰,combo,클렌징오일,쿠폰,high-intent
뷰티·스킨케어,클렌징오일 구매,combo,클렌징오일,구매,high-intent
뷰티·스킨케어,클렌징오일 추천,combo,클렌징오일,추천,high-intent
뷰티·스킨케어,클렌징오일 후기,combo,클렌징오일,후기,high-intent
뷰티·스킨케어,클렌징오일 효과,combo,클렌징오일,효과,high-intent
뷰티·스킨케어,클렌징오일 부작용,combo,클렌징오일,부작용,high-intent
뷰티·스킨케어,클렌징오일 설치,combo,클렌징오일,설치,high-intent
뷰티·스킨케어,클렌징오일 무료설치,combo,클렌징오일,무료설치,high-intent
뷰티·스킨케어,클렌징오일 비용,combo,클렌징오일,비용,high-intent
뷰티·스킨케어,클렌징오일 상담,combo,클렌징오일,상담,high-intent
뷰티·스킨케어,클렌징오일 견적,combo,클렌징오일,견적,high-intent
뷰티·스킨케어,클렌징오일 가격비교,combo,클렌징오일,가격비교,high-intent
뷰티·스킨케어,미백크림 가격,combo,미백크림,가격,high-intent
뷰티·스킨케어,미백크림 최저가,combo,미백크림,최저가,high-intent
뷰티·스킨케어,미백크림 렌탈,combo,미백크림,렌탈,high-intent
뷰티·스킨케어,미백크림 대여,combo,미백크림,대여,high-intent
뷰티·스킨케어,미백크림 할인,combo,미백크림,할인,high-intent
뷰티·스킨케어,미백크림 쿠폰,combo,미백크림,쿠폰,high-intent
뷰티·스킨케어,미백크림 구매,combo,미백크림,구매,high-intent
뷰티·스킨케어,미백크림 추천,combo,미백크림,추천,high-intent
뷰티·스킨케어,미백크림 후기,combo,미백크림,후기,high-intent
뷰티·스킨케어,미백크림 효과,combo,미백크림,효과,high-intent
뷰티·스킨케어,미백크림 부작용,combo,미백크림,부작용,high-intent
뷰티·스킨케어,미백크림 설치,combo,미백크림,설치,high-intent
뷰티·스킨케어,미백크림 무료설치,combo,미백크림,무료설치,high-intent
뷰티·스킨케어,미백크림 비용,combo,미백크림,비용,high-intent
뷰티·스킨케어,미백크림 상담,combo,미백크림,상담,high-intent
뷰티·스킨케어,미백크림 견적,combo,미백크림,견적,high-intent
뷰티·스킨케어,미백크림 가격비교,combo,미백크림,가격비교,high-intent
뷰티·스킨케어,레티놀 가격,combo,레티놀,가격,high-intent
뷰티·스킨케어,레티놀 최저가,combo,레티놀,최저가,high-intent
뷰티·스킨케어,레티놀 렌탈,combo,레티놀,렌탈,high-intent
뷰티·스킨케어,레티놀 대여,combo,레티놀,대여,high-intent
뷰티·스킨케어,레티놀 할인,combo,레티놀,할인,high-intent
뷰티·스킨케어,레티놀 쿠폰,combo,레티놀,쿠폰,high-intent
뷰티·스킨케어,레티놀 구매,combo,레티놀,구매,high-intent
뷰티·스킨케어,레티놀 추천,combo,레티놀,추천,high-intent
뷰티·스킨케어,레티놀 후기,combo,레티놀,후기,high-intent
뷰티·스킨케어,레티놀 효과,combo,레티놀,효과,high-intent
뷰티·스킨케어,레티놀 부작용,combo,레티놀,부작용,high-intent
뷰티·스킨케어,레티놀 설치,combo,레티놀,설치,high-intent
뷰티·스킨케어,레티놀 무료설치,combo,레티놀,무료설치,high-intent
뷰티·스킨케어,레티놀 비용,combo,레티놀,비용,high-intent
뷰티·스킨케어,레티놀 상담,combo,레티놀,상담,high-intent
뷰티·스킨케어,레티놀 견적,combo,레티놀,견적,high-intent
뷰티·스킨케어,레티놀 가격비교,combo,레티놀,가격비교,high-intent
뷰티·스킨케어,비타민C세럼 가격,combo,비타민C세럼,가격,high-intent
뷰티·스킨케어,비타민C세럼 최저가,combo,비타민C세럼,최저가,high-intent
뷰티·스킨케어,비타민C세럼 렌탈,combo,비타민C세럼,렌탈,high-intent
뷰티·스킨케어,비타민C세럼 대여,combo,비타민C세럼,대여,high-intent
뷰티·스킨케어,비타민C세럼 할인,combo,비타민C세럼,할인,high-intent
뷰티·스킨케어,비타민C세럼 쿠폰,combo,비타민C세럼,쿠폰,high-intent
뷰티·스킨케어,비타민C세럼 구매,combo,비타민C세럼,구매,high-intent
뷰티·스킨케어,비타민C세럼 추천,combo,비타민C세럼,추천,high-intent
뷰티·스킨케어,비타민C세럼 후기,combo,비타민C세럼,후기,high-intent
뷰티·스킨케어,비타민C세럼 효과,combo,비타민C세럼,효과,high-intent
뷰티·스킨케어,비타민C세럼 부작용,combo,비타민C세럼,부작용,high-intent
뷰티·스킨케어,비타민C세럼 설치,combo,비타민C세럼,설치,high-intent
뷰티·스킨케어,비타민C세럼 무료설치,combo,비타민C세럼,무료설치,high-intent
뷰티·스킨케어,비타민C세럼 비용,combo,비타민C세럼,비용,high-intent
뷰티·스킨케어,비타민C세럼 상담,combo,비타민C세럼,상담,high-intent
뷰티·스킨케어,비타민C세럼 견적,combo,비타민C세럼,견적,high-intent
뷰티·스킨케어,비타민C세럼 가격비교,combo,비타민C세럼,가격비교,high-intent
뷰티·스킨케어,헤어에센스 가격,combo,헤어에센스,가격,high-intent
뷰티·스킨케어,헤어에센스 최저가,combo,헤어에센스,최저가,high-intent
뷰티·스킨케어,헤어에센스 렌탈,combo,헤어에센스,렌탈,high-intent
뷰티·스킨케어,헤어에센스 대여,combo,헤어에센스,대여,high-intent
뷰티·스킨케어,헤어에센스 할인,combo,헤어에센스,할인,high-intent
뷰티·스킨케어,헤어에센스 쿠폰,combo,헤어에센스,쿠폰,high-intent
뷰티·스킨케어,헤어에센스 구매,combo,헤어에센스,구매,high-intent
뷰티·스킨케어,헤어에센스 추천,combo,헤어에센스,추천,high-intent
뷰티·스킨케어,헤어에센스 후기,combo,헤어에센스,후기,high-intent
뷰티·스킨케어,헤어에센스 효과,combo,헤어에센스,효과,high-intent
뷰티·스킨케어,헤어에센스 부작용,combo,헤어에센스,부작용,high-intent
뷰티·스킨케어,헤어에센스 설치,combo,헤어에센스,설치,high-intent
뷰티·스킨케어,헤어에센스 무료설치,combo,헤어에센스,무료설치,high-intent
뷰티·스킨케어,헤어에센스 비용,combo,헤어에센스,비용,high-intent
뷰티·스킨케어,헤어에센스 상담,combo,헤어에센스,상담,high-intent
뷰티·스킨케어,헤어에센스 견적,combo,헤어에센스,견적,high-intent
뷰티·스킨케어,헤어에센스 가격비교,combo,헤어에센스,가격비교,high-intent
뷰티·스킨케어,헤어토닉 가격,combo,헤어토닉,가격,high-intent
뷰티·스킨케어,헤어토닉 최저가,combo,헤어토닉,최저가,high-intent
뷰티·스킨케어,헤어토닉 렌탈,combo,헤어토닉,렌탈,high-intent
뷰티·스킨케어,헤어토닉 대여,combo,헤어토닉,대여,high-intent
뷰티·스킨케어,헤어토닉 할인,combo,헤어토닉,할인,high-intent
뷰티·스킨케어,헤어토닉 쿠폰,combo,헤어토닉,쿠폰,high-intent
뷰티·스킨케어,헤어토닉 구매,combo,헤어토닉,구매,high-intent
뷰티·스킨케어,헤어토닉 추천,combo,헤어토닉,추천,high-intent
뷰티·스킨케어,헤어토닉 후기,combo,헤어토닉,후기,high-intent
뷰티·스킨케어,헤어토닉 효과,combo,헤어토닉,효과,high-intent
뷰티·스킨케어,헤어토닉 부작용,combo,헤어토닉,부작용,high-intent
뷰티·스킨케어,헤어토닉 설치,combo,헤어토닉,설치,high-intent
뷰티·스킨케어,헤어토닉 무료설치,combo,헤어토닉,무료설치,high-intent
뷰티·스킨케어,헤어토닉 비용,combo,헤어토닉,비용,high-intent
뷰티·스킨케어,헤어토닉 상담,combo,헤어토닉,상담,high-intent
뷰티·스킨케어,헤어토닉 견적,combo,헤어토닉,견적,high-intent
뷰티·스킨케어,헤어토닉 가격비교,combo,헤어토닉,가격비교,high-intent
뷰티·스킨케어,탈모샴푸 가격,combo,탈모샴푸,가격,high-intent
뷰티·스킨케어,탈모샴푸 최저가,combo,탈모샴푸,최저가,high-intent
뷰티·스킨케어,탈모샴푸 렌탈,combo,탈모샴푸,렌탈,high-intent
뷰티·스킨케어,탈모샴푸 대여,combo,탈모샴푸,대여,high-intent
뷰티·스킨케어,탈모샴푸 할인,combo,탈모샴푸,할인,high-intent
뷰티·스킨케어,탈모샴푸 쿠폰,combo,탈모샴푸,쿠폰,high-intent
뷰티·스킨케어,탈모샴푸 구매,combo,탈모샴푸,구매,high-intent
뷰티·스킨케어,탈모샴푸 추천,combo,탈모샴푸,추천,high-intent
뷰티·스킨케어,탈모샴푸 후기,combo,탈모샴푸,후기,high-intent
뷰티·스킨케어,탈모샴푸 효과,combo,탈모샴푸,효과,high-intent
뷰티·스킨케어,탈모샴푸 부작용,combo,탈모샴푸,부작용,high-intent
뷰티·스킨케어,탈모샴푸 설치,combo,탈모샴푸,설치,high-intent
뷰티·스킨케어,탈모샴푸 무료설치,combo,탈모샴푸,무료설치,high-intent
뷰티·스킨케어,탈모샴푸 비용,combo,탈모샴푸,비용,high-intent
뷰티·스킨케어,탈모샴푸 상담,combo,탈모샴푸,상담,high-intent
뷰티·스킨케어,탈모샴푸 견적,combo,탈모샴푸,견적,high-intent
뷰티·스킨케어,탈모샴푸 가격비교,combo,탈모샴푸,가격비교,high-intent
뷰티·스킨케어,염모제 가격,combo,염모제,가격,high-intent
뷰티·스킨케어,염모제 최저가,combo,염모제,최저가,high-intent
뷰티·스킨케어,염모제 렌탈,combo,염모제,렌탈,high-intent
뷰티·스킨케어,염모제 대여,combo,염모제,대여,high-intent
뷰티·스킨케어,염모제 할인,combo,염모제,할인,high-intent
뷰티·스킨케어,염모제 쿠폰,combo,염모제,쿠폰,high-intent
뷰티·스킨케어,염모제 구매,combo,염모제,구매,high-intent
뷰티·스킨케어,염모제 추천,combo,염모제,추천,high-intent
뷰티·스킨케어,염모제 후기,combo,염모제,후기,high-intent
뷰티·스킨케어,염모제 효과,combo,염모제,효과,high-intent
뷰티·스킨케어,염모제 부작용,combo,염모제,부작용,high-intent
뷰티·스킨케어,염모제 설치,combo,염모제,설치,high-intent
뷰티·스킨케어,염모제 무료설치,combo,염모제,무료설치,high-intent
뷰티·스킨케어,염모제 비용,combo,염모제,비용,high-intent
뷰티·스킨케어,염모제 상담,combo,염모제,상담,high-intent
뷰티·스킨케어,염모제 견적,combo,염모제,견적,high-intent
뷰티·스킨케어,염모제 가격비교,combo,염모제,가격비교,high-intent
뷰티·스킨케어,LED마스크 가격,combo,LED마스크,가격,high-intent
뷰티·스킨케어,LED마스크 최저가,combo,LED마스크,최저가,high-intent
뷰티·스킨케어,LED마스크 렌탈,combo,LED마스크,렌탈,high-intent
뷰티·스킨케어,LED마스크 대여,combo,LED마스크,대여,high-intent
뷰티·스킨케어,LED마스크 할인,combo,LED마스크,할인,high-intent
뷰티·스킨케어,LED마스크 쿠폰,combo,LED마스크,쿠폰,high-intent
뷰티·스킨케어,LED마스크 구매,combo,LED마스크,구매,high-intent
뷰티·스킨케어,LED마스크 추천,combo,LED마스크,추천,high-intent
뷰티·스킨케어,LED마스크 후기,combo,LED마스크,후기,high-intent
뷰티·스킨케어,LED마스크 효과,combo,LED마스크,효과,high-intent
뷰티·스킨케어,LED마스크 부작용,combo,LED마스크,부작용,high-intent
뷰티·스킨케어,LED마스크 설치,combo,LED마스크,설치,high-intent
뷰티·스킨케어,LED마스크 무료설치,combo,LED마스크,무료설치,high-intent
뷰티·스킨케어,LED마스크 비용,combo,LED마스크,비용,high-intent
뷰티·스킨케어,LED마스크 상담,combo,LED마스크,상담,high-intent
뷰티·스킨케어,LED마스크 견적,combo,LED마스크,견적,high-intent
뷰티·스킨케어,LED마스크 가격비교,combo,LED마스크,가격비교,high-intent
뷰티·스킨케어,피부관리기 가격,combo,피부관리기,가격,high-intent
뷰티·스킨케어,피부관리기 최저가,combo,피부관리기,최저가,high-intent
뷰티·스킨케어,피부관리기 렌탈,combo,피부관리기,렌탈,high-intent
뷰티·스킨케어,피부관리기 대여,combo,피부관리기,대여,high-intent
뷰티·스킨케어,피부관리기 할인,combo,피부관리기,할인,high-intent
뷰티·스킨케어,피부관리기 쿠폰,combo,피부관리기,쿠폰,high-intent
뷰티·스킨케어,피부관리기 구매,combo,피부관리기,구매,high-intent
뷰티·스킨케어,피부관리기 추천,combo,피부관리기,추천,high-intent
뷰티·스킨케어,피부관리기 후기,combo,피부관리기,후기,high-intent
뷰티·스킨케어,피부관리기 효과,combo,피부관리기,효과,high-intent
뷰티·스킨케어,피부관리기 부작용,combo,피부관리기,부작용,high-intent
뷰티·스킨케어,피부관리기 설치,combo,피부관리기,설치,high-intent
뷰티·스킨케어,피부관리기 무료설치,combo,피부관리기,무료설치,high-intent
뷰티·스킨케어,피부관리기 비용,combo,피부관리기,비용,high-intent
뷰티·스킨케어,피부관리기 상담,combo,피부관리기,상담,high-intent
뷰티·스킨케어,피부관리기 견적,combo,피부관리기,견적,high-intent
뷰티·스킨케어,피부관리기 가격비교,combo,피부관리기,가격비교,high-intent
뷰티·스킨케어,레이저제모기 가격,combo,레이저제모기,가격,high-intent
뷰티·스킨케어,레이저제모기 최저가,combo,레이저제모기,최저가,high-intent
뷰티·스킨케어,레이저제모기 렌탈,combo,레이저제모기,렌탈,high-intent
뷰티·스킨케어,레이저제모기 대여,combo,레이저제모기,대여,high-intent
뷰티·스킨케어,레이저제모기 할인,combo,레이저제모기,할인,high-intent
뷰티·스킨케어,레이저제모기 쿠폰,combo,레이저제모기,쿠폰,high-intent
뷰티·스킨케어,레이저제모기 구매,combo,레이저제모기,구매,high-intent
뷰티·스킨케어,레이저제모기 추천,combo,레이저제모기,추천,high-intent
뷰티·스킨케어,레이저제모기 후기,combo,레이저제모기,후기,high-intent
뷰티·스킨케어,레이저제모기 효과,combo,레이저제모기,효과,high-intent
뷰티·스킨케어,레이저제모기 부작용,combo,레이저제모기,부작용,high-intent
뷰티·스킨케어,레이저제모기 설치,combo,레이저제모기,설치,high-intent
뷰티·스킨케어,레이저제모기 무료설치,combo,레이저제모기,무료설치,high-intent
뷰티·스킨케어,레이저제모기 비용,combo,레이저제모기,비용,high-intent
뷰티·스킨케어,레이저제모기 상담,combo,레이저제모기,상담,high-intent
뷰티·스킨케어,레이저제모기 견적,combo,레이저제모기,견적,high-intent
뷰티·스킨케어,레이저제모기 가격비교,combo,레이저제모기,가격비교,high-intent
뷰티·스킨케어,고데기 가격,combo,고데기,가격,high-intent
뷰티·스킨케어,고데기 최저가,combo,고데기,최저가,high-intent
뷰티·스킨케어,고데기 렌탈,combo,고데기,렌탈,high-intent
뷰티·스킨케어,고데기 대여,combo,고데기,대여,high-intent
뷰티·스킨케어,고데기 할인,combo,고데기,할인,high-intent
뷰티·스킨케어,고데기 쿠폰,combo,고데기,쿠폰,high-intent
뷰티·스킨케어,고데기 구매,combo,고데기,구매,high-intent
뷰티·스킨케어,고데기 추천,combo,고데기,추천,high-intent
뷰티·스킨케어,고데기 후기,combo,고데기,후기,high-intent
뷰티·스킨케어,고데기 효과,combo,고데기,효과,high-intent
뷰티·스킨케어,고데기 부작용,combo,고데기,부작용,high-intent
뷰티·스킨케어,고데기 설치,combo,고데기,설치,high-intent
뷰티·스킨케어,고데기 무료설치,combo,고데기,무료설치,high-intent
뷰티·스킨케어,고데기 비용,combo,고데기,비용,high-intent
뷰티·스킨케어,고데기 상담,combo,고데기,상담,high-intent
뷰티·스킨케어,고데기 견적,combo,고데기,견적,high-intent
뷰티·스킨케어,고데기 가격비교,combo,고데기,가격비교,high-intent
뷰티·스킨케어,헤어드라이기 가격,combo,헤어드라이기,가격,high-intent
뷰티·스킨케어,헤어드라이기 최저가,combo,헤어드라이기,최저가,high-intent
뷰티·스킨케어,헤어드라이기 렌탈,combo,헤어드라이기,렌탈,high-intent
뷰티·스킨케어,헤어드라이기 대여,combo,헤어드라이기,대여,high-intent
뷰티·스킨케어,헤어드라이기 할인,combo,헤어드라이기,할인,high-intent
뷰티·스킨케어,헤어드라이기 쿠폰,combo,헤어드라이기,쿠폰,high-intent
뷰티·스킨케어,헤어드라이기 구매,combo,헤어드라이기,구매,high-intent
뷰티·스킨케어,헤어드라이기 추천,combo,헤어드라이기,추천,high-intent
뷰티·스킨케어,헤어드라이기 후기,combo,헤어드라이기,후기,high-intent
뷰티·스킨케어,헤어드라이기 효과,combo,헤어드라이기,효과,high-intent
뷰티·스킨케어,헤어드라이기 부작용,combo,헤어드라이기,부작용,high-intent
뷰티·스킨케어,헤어드라이기 설치,combo,헤어드라이기,설치,high-intent
뷰티·스킨케어,헤어드라이기 무료설치,combo,헤어드라이기,무료설치,high-intent
뷰티·스킨케어,헤어드라이기 비용,combo,헤어드라이기,비용,high-intent
뷰티·스킨케어,헤어드라이기 상담,combo,헤어드라이기,상담,high-intent
뷰티·스킨케어,헤어드라이기 견적,combo,헤어드라이기,견적,high-intent
뷰티·스킨케어,헤어드라이기 가격비교,combo,헤어드라이기,가격비교,high-intent
뷰티·스킨케어,헤어롤 가격,combo,헤어롤,가격,high-intent
뷰티·스킨케어,헤어롤 최저가,combo,헤어롤,최저가,high-intent
뷰티·스킨케어,헤어롤 렌탈,combo,헤어롤,렌탈,high-intent
뷰티·스킨케어,헤어롤 대여,combo,헤어롤,대여,high-intent
뷰티·스킨케어,헤어롤 할인,combo,헤어롤,할인,high-intent
뷰티·스킨케어,헤어롤 쿠폰,combo,헤어롤,쿠폰,high-intent
뷰티·스킨케어,헤어롤 구매,combo,헤어롤,구매,high-intent
뷰티·스킨케어,헤어롤 추천,combo,헤어롤,추천,high-intent
뷰티·스킨케어,헤어롤 후기,combo,헤어롤,후기,high-intent
뷰티·스킨케어,헤어롤 효과,combo,헤어롤,효과,high-intent
뷰티·스킨케어,헤어롤 부작용,combo,헤어롤,부작용,high-intent
뷰티·스킨케어,헤어롤 설치,combo,헤어롤,설치,high-intent
뷰티·스킨케어,헤어롤 무료설치,combo,헤어롤,무료설치,high-intent
뷰티·스킨케어,헤어롤 비용,combo,헤어롤,비용,high-intent
뷰티·스킨케어,헤어롤 상담,combo,헤어롤,상담,high-intent
뷰티·스킨케어,헤어롤 견적,combo,헤어롤,견적,high-intent
뷰티·스킨케어,헤어롤 가격비교,combo,헤어롤,가격비교,high-intent
뷰티·스킨케어,시카크림 가격,combo,시카크림,가격,high-intent
뷰티·스킨케어,시카크림 최저가,combo,시카크림,최저가,high-intent
뷰티·스킨케어,시카크림 렌탈,combo,시카크림,렌탈,high-intent
뷰티·스킨케어,시카크림 대여,combo,시카크림,대여,high-intent
뷰티·스킨케어,시카크림 할인,combo,시카크림,할인,high-intent
뷰티·스킨케어,시카크림 쿠폰,combo,시카크림,쿠폰,high-intent
뷰티·스킨케어,시카크림 구매,combo,시카크림,구매,high-intent
뷰티·스킨케어,시카크림 추천,combo,시카크림,추천,high-intent
뷰티·스킨케어,시카크림 후기,combo,시카크림,후기,high-intent
뷰티·스킨케어,시카크림 효과,combo,시카크림,효과,high-intent
뷰티·스킨케어,시카크림 부작용,combo,시카크림,부작용,high-intent
뷰티·스킨케어,시카크림 설치,combo,시카크림,설치,high-intent
뷰티·스킨케어,시카크림 무료설치,combo,시카크림,무료설치,high-intent
뷰티·스킨케어,시카크림 비용,combo,시카크림,비용,high-intent
뷰티·스킨케어,시카크림 상담,combo,시카크림,상담,high-intent
뷰티·스킨케어,시카크림 견적,combo,시카크림,견적,high-intent
뷰티·스킨케어,시카크림 가격비교,combo,시카크림,가격비교,high-intent
뷰티·스킨케어,쿠션팩트 가격,combo,쿠션팩트,가격,high-intent
뷰티·스킨케어,쿠션팩트 최저가,combo,쿠션팩트,최저가,high-intent
뷰티·스킨케어,쿠션팩트 렌탈,combo,쿠션팩트,렌탈,high-intent
뷰티·스킨케어,쿠션팩트 대여,combo,쿠션팩트,대여,high-intent
뷰티·스킨케어,쿠션팩트 할인,combo,쿠션팩트,할인,high-intent
뷰티·스킨케어,쿠션팩트 쿠폰,combo,쿠션팩트,쿠폰,high-intent
뷰티·스킨케어,쿠션팩트 구매,combo,쿠션팩트,구매,high-intent
뷰티·스킨케어,쿠션팩트 추천,combo,쿠션팩트,추천,high-intent
뷰티·스킨케어,쿠션팩트 후기,combo,쿠션팩트,후기,high-intent
뷰티·스킨케어,쿠션팩트 효과,combo,쿠션팩트,효과,high-intent
뷰티·스킨케어,쿠션팩트 부작용,combo,쿠션팩트,부작용,high-intent
뷰티·스킨케어,쿠션팩트 설치,combo,쿠션팩트,설치,high-intent
뷰티·스킨케어,쿠션팩트 무료설치,combo,쿠션팩트,무료설치,high-intent
뷰티·스킨케어,쿠션팩트 비용,combo,쿠션팩트,비용,high-intent
뷰티·스킨케어,쿠션팩트 상담,combo,쿠션팩트,상담,high-intent
뷰티·스킨케어,쿠션팩트 견적,combo,쿠션팩트,견적,high-intent
뷰티·스킨케어,쿠션팩트 가격비교,combo,쿠션팩트,가격비교,high-intent
뷰티·스킨케어,립밤 가격,combo,립밤,가격,high-intent
뷰티·스킨케어,립밤 최저가,combo,립밤,최저가,high-intent
뷰티·스킨케어,립밤 렌탈,combo,립밤,렌탈,high-intent
뷰티·스킨케어,립밤 대여,combo,립밤,대여,high-intent
뷰티·스킨케어,립밤 할인,combo,립밤,할인,high-intent
뷰티·스킨케어,립밤 쿠폰,combo,립밤,쿠폰,high-intent
뷰티·스킨케어,립밤 구매,combo,립밤,구매,high-intent
뷰티·스킨케어,립밤 추천,combo,립밤,추천,high-intent
뷰티·스킨케어,립밤 후기,combo,립밤,후기,high-intent
뷰티·스킨케어,립밤 효과,combo,립밤,효과,high-intent
뷰티·스킨케어,립밤 부작용,combo,립밤,부작용,high-intent
뷰티·스킨케어,립밤 설치,combo,립밤,설치,high-intent
뷰티·스킨케어,립밤 무료설치,combo,립밤,무료설치,high-intent
뷰티·스킨케어,립밤 비용,combo,립밤,비용,high-intent
뷰티·스킨케어,립밤 상담,combo,립밤,상담,high-intent
뷰티·스킨케어,립밤 견적,combo,립밤,견적,high-intent
뷰티·스킨케어,립밤 가격비교,combo,립밤,가격비교,high-intent
뷰티·스킨케어,바디로션 가격,combo,바디로션,가격,high-intent
뷰티·스킨케어,바디로션 최저가,combo,바디로션,최저가,high-intent
뷰티·스킨케어,바디로션 렌탈,combo,바디로션,렌탈,high-intent
뷰티·스킨케어,바디로션 대여,combo,바디로션,대여,high-intent
뷰티·스킨케어,바디로션 할인,combo,바디로션,할인,high-intent
뷰티·스킨케어,바디로션 쿠폰,combo,바디로션,쿠폰,high-intent
뷰티·스킨케어,바디로션 구매,combo,바디로션,구매,high-intent
뷰티·스킨케어,바디로션 추천,combo,바디로션,추천,high-intent
뷰티·스킨케어,바디로션 후기,combo,바디로션,후기,high-intent
뷰티·스킨케어,바디로션 효과,combo,바디로션,효과,high-intent
뷰티·스킨케어,바디로션 부작용,combo,바디로션,부작용,high-intent
뷰티·스킨케어,바디로션 설치,combo,바디로션,설치,high-intent
뷰티·스킨케어,바디로션 무료설치,combo,바디로션,무료설치,high-intent
뷰티·스킨케어,바디로션 비용,combo,바디로션,비용,high-intent
뷰티·스킨케어,바디로션 상담,combo,바디로션,상담,high-intent
뷰티·스킨케어,바디로션 견적,combo,바디로션,견적,high-intent
뷰티·스킨케어,바디로션 가격비교,combo,바디로션,가격비교,high-intent
생활가전·전자,공기청정기 가격,combo,공기청정기,가격,high-intent
생활가전·전자,공기청정기 최저가,combo,공기청정기,최저가,high-intent
생활가전·전자,공기청정기 렌탈,combo,공기청정기,렌탈,high-intent
생활가전·전자,공기청정기 대여,combo,공기청정기,대여,high-intent
생활가전·전자,공기청정기 할인,combo,공기청정기,할인,high-intent
생활가전·전자,공기청정기 쿠폰,combo,공기청정기,쿠폰,high-intent
생활가전·전자,공기청정기 구매,combo,공기청정기,구매,high-intent
생활가전·전자,공기청정기 추천,combo,공기청정기,추천,high-intent
생활가전·전자,공기청정기 후기,combo,공기청정기,후기,high-intent
생활가전·전자,공기청정기 효과,combo,공기청정기,효과,high-intent
생활가전·전자,공기청정기 부작용,combo,공기청정기,부작용,high-intent
생활가전·전자,공기청정기 설치,combo,공기청정기,설치,high-intent
생활가전·전자,공기청정기 무료설치,combo,공기청정기,무료설치,high-intent
생활가전·전자,공기청정기 비용,combo,공기청정기,비용,high-intent
생활가전·전자,공기청정기 상담,combo,공기청정기,상담,high-intent
생활가전·전자,공기청정기 견적,combo,공기청정기,견적,high-intent
생활가전·전자,공기청정기 가격비교,combo,공기청정기,가격비교,high-intent
생활가전·전자,제습기 가격,combo,제습기,가격,high-intent
생활가전·전자,제습기 최저가,combo,제습기,최저가,high-intent
생활가전·전자,제습기 렌탈,combo,제습기,렌탈,high-intent
생활가전·전자,제습기 대여,combo,제습기,대여,high-intent
생활가전·전자,제습기 할인,combo,제습기,할인,high-intent
생활가전·전자,제습기 쿠폰,combo,제습기,쿠폰,high-intent
생활가전·전자,제습기 구매,combo,제습기,구매,high-intent
생활가전·전자,제습기 추천,combo,제습기,추천,high-intent
생활가전·전자,제습기 후기,combo,제습기,후기,high-intent
생활가전·전자,제습기 효과,combo,제습기,효과,high-intent
생활가전·전자,제습기 부작용,combo,제습기,부작용,high-intent
생활가전·전자,제습기 설치,combo,제습기,설치,high-intent
생활가전·전자,제습기 무료설치,combo,제습기,무료설치,high-intent
생활가전·전자,제습기 비용,combo,제습기,비용,high-intent
생활가전·전자,제습기 상담,combo,제습기,상담,high-intent
생활가전·전자,제습기 견적,combo,제습기,견적,high-intent
생활가전·전자,제습기 가격비교,combo,제습기,가격비교,high-intent
생활가전·전자,가습기 가격,combo,가습기,가격,high-intent
생활가전·전자,가습기 최저가,combo,가습기,최저가,high-intent
생활가전·전자,가습기 렌탈,combo,가습기,렌탈,high-intent
생활가전·전자,가습기 대여,combo,가습기,대여,high-intent
생활가전·전자,가습기 할인,combo,가습기,할인,high-intent
생활가전·전자,가습기 쿠폰,combo,가습기,쿠폰,high-intent
생활가전·전자,가습기 구매,combo,가습기,구매,high-intent
생활가전·전자,가습기 추천,combo,가습기,추천,high-intent
생활가전·전자,가습기 후기,combo,가습기,후기,high-intent
생활가전·전자,가습기 효과,combo,가습기,효과,high-intent
생활가전·전자,가습기 부작용,combo,가습기,부작용,high-intent
생활가전·전자,가습기 설치,combo,가습기,설치,high-intent
생활가전·전자,가습기 무료설치,combo,가습기,무료설치,high-intent
생활가전·전자,가습기 비용,combo,가습기,비용,high-intent
생활가전·전자,가습기 상담,combo,가습기,상담,high-intent
생활가전·전자,가습기 견적,combo,가습기,견적,high-intent
생활가전·전자,가습기 가격비교,combo,가습기,가격비교,high-intent
생활가전·전자,로봇청소기 가격,combo,로봇청소기,가격,high-intent
생활가전·전자,로봇청소기 최저가,combo,로봇청소기,최저가,high-intent
생활가전·전자,로봇청소기 렌탈,combo,로봇청소기,렌탈,high-intent
생활가전·전자,로봇청소기 대여,combo,로봇청소기,대여,high-intent
생활가전·전자,로봇청소기 할인,combo,로봇청소기,할인,high-intent
생활가전·전자,로봇청소기 쿠폰,combo,로봇청소기,쿠폰,high-intent
생활가전·전자,로봇청소기 구매,combo,로봇청소기,구매,high-intent
생활가전·전자,로봇청소기 추천,combo,로봇청소기,추천,high-intent
생활가전·전자,로봇청소기 후기,combo,로봇청소기,후기,high-intent
생활가전·전자,로봇청소기 효과,combo,로봇청소기,효과,high-intent
생활가전·전자,로봇청소기 부작용,combo,로봇청소기,부작용,high-intent
생활가전·전자,로봇청소기 설치,combo,로봇청소기,설치,high-intent
생활가전·전자,로봇청소기 무료설치,combo,로봇청소기,무료설치,high-intent
생활가전·전자,로봇청소기 비용,combo,로봇청소기,비용,high-intent
생활가전·전자,로봇청소기 상담,combo,로봇청소기,상담,high-intent
생활가전·전자,로봇청소기 견적,combo,로봇청소기,견적,high-intent
생활가전·전자,로봇청소기 가격비교,combo,로봇청소기,가격비교,high-intent
생활가전·전자,무선청소기 가격,combo,무선청소기,가격,high-intent
생활가전·전자,무선청소기 최저가,combo,무선청소기,최저가,high-intent
생활가전·전자,무선청소기 렌탈,combo,무선청소기,렌탈,high-intent
생활가전·전자,무선청소기 대여,combo,무선청소기,대여,high-intent
생활가전·전자,무선청소기 할인,combo,무선청소기,할인,high-intent
생활가전·전자,무선청소기 쿠폰,combo,무선청소기,쿠폰,high-intent
생활가전·전자,무선청소기 구매,combo,무선청소기,구매,high-intent
생활가전·전자,무선청소기 추천,combo,무선청소기,추천,high-intent
생활가전·전자,무선청소기 후기,combo,무선청소기,후기,high-intent
생활가전·전자,무선청소기 효과,combo,무선청소기,효과,high-intent
생활가전·전자,무선청소기 부작용,combo,무선청소기,부작용,high-intent
생활가전·전자,무선청소기 설치,combo,무선청소기,설치,high-intent
생활가전·전자,무선청소기 무료설치,combo,무선청소기,무료설치,high-intent
생활가전·전자,무선청소기 비용,combo,무선청소기,비용,high-intent
생활가전·전자,무선청소기 상담,combo,무선청소기,상담,high-intent
생활가전·전자,무선청소기 견적,combo,무선청소기,견적,high-intent
생활가전·전자,무선청소기 가격비교,combo,무선청소기,가격비교,high-intent
생활가전·전자,식기세척기 가격,combo,식기세척기,가격,high-intent
생활가전·전자,식기세척기 최저가,combo,식기세척기,최저가,high-intent
생활가전·전자,식기세척기 렌탈,combo,식기세척기,렌탈,high-intent
생활가전·전자,식기세척기 대여,combo,식기세척기,대여,high-intent
생활가전·전자,식기세척기 할인,combo,식기세척기,할인,high-intent
생활가전·전자,식기세척기 쿠폰,combo,식기세척기,쿠폰,high-intent
생활가전·전자,식기세척기 구매,combo,식기세척기,구매,high-intent
생활가전·전자,식기세척기 추천,combo,식기세척기,추천,high-intent
생활가전·전자,식기세척기 후기,combo,식기세척기,후기,high-intent
생활가전·전자,식기세척기 효과,combo,식기세척기,효과,high-intent
생활가전·전자,식기세척기 부작용,combo,식기세척기,부작용,high-intent
생활가전·전자,식기세척기 설치,combo,식기세척기,설치,high-intent
생활가전·전자,식기세척기 무료설치,combo,식기세척기,무료설치,high-intent
생활가전·전자,식기세척기 비용,combo,식기세척기,비용,high-intent
생활가전·전자,식기세척기 상담,combo,식기세척기,상담,high-intent
생활가전·전자,식기세척기 견적,combo,식기세척기,견적,high-intent
생활가전·전자,식기세척기 가격비교,combo,식기세척기,가격비교,high-intent
생활가전·전자,건조기 가격,combo,건조기,가격,high-intent
생활가전·전자,건조기 최저가,combo,건조기,최저가,high-intent
생활가전·전자,건조기 렌탈,combo,건조기,렌탈,high-intent
생활가전·전자,건조기 대여,combo,건조기,대여,high-intent
생활가전·전자,건조기 할인,combo,건조기,할인,high-intent
생활가전·전자,건조기 쿠폰,combo,건조기,쿠폰,high-intent
생활가전·전자,건조기 구매,combo,건조기,구매,high-intent
생활가전·전자,건조기 추천,combo,건조기,추천,high-intent
생활가전·전자,건조기 후기,combo,건조기,후기,high-intent
생활가전·전자,건조기 효과,combo,건조기,효과,high-intent
생활가전·전자,건조기 부작용,combo,건조기,부작용,high-intent
생활가전·전자,건조기 설치,combo,건조기,설치,high-intent
생활가전·전자,건조기 무료설치,combo,건조기,무료설치,high-intent
생활가전·전자,건조기 비용,combo,건조기,비용,high-intent
생활가전·전자,건조기 상담,combo,건조기,상담,high-intent
생활가전·전자,건조기 견적,combo,건조기,견적,high-intent
생활가전·전자,건조기 가격비교,combo,건조기,가격비교,high-intent
생활가전·전자,전기레인지 가격,combo,전기레인지,가격,high-intent
생활가전·전자,전기레인지 최저가,combo,전기레인지,최저가,high-intent
생활가전·전자,전기레인지 렌탈,combo,전기레인지,렌탈,high-intent
생활가전·전자,전기레인지 대여,combo,전기레인지,대여,high-intent
생활가전·전자,전기레인지 할인,combo,전기레인지,할인,high-intent
생활가전·전자,전기레인지 쿠폰,combo,전기레인지,쿠폰,high-intent
생활가전·전자,전기레인지 구매,combo,전기레인지,구매,high-intent
생활가전·전자,전기레인지 추천,combo,전기레인지,추천,high-intent
생활가전·전자,전기레인지 후기,combo,전기레인지,후기,high-intent
생활가전·전자,전기레인지 효과,combo,전기레인지,효과,high-intent
생활가전·전자,전기레인지 부작용,combo,전기레인지,부작용,high-intent
생활가전·전자,전기레인지 설치,combo,전기레인지,설치,high-intent
생활가전·전자,전기레인지 무료설치,combo,전기레인지,무료설치,high-intent
생활가전·전자,전기레인지 비용,combo,전기레인지,비용,high-intent
생활가전·전자,전기레인지 상담,combo,전기레인지,상담,high-intent
생활가전·전자,전기레인지 견적,combo,전기레인지,견적,high-intent
생활가전·전자,전기레인지 가격비교,combo,전기레인지,가격비교,high-intent
생활가전·전자,인덕션 가격,combo,인덕션,가격,high-intent
생활가전·전자,인덕션 최저가,combo,인덕션,최저가,high-intent
생활가전·전자,인덕션 렌탈,combo,인덕션,렌탈,high-intent
생활가전·전자,인덕션 대여,combo,인덕션,대여,high-intent
생활가전·전자,인덕션 할인,combo,인덕션,할인,high-intent
생활가전·전자,인덕션 쿠폰,combo,인덕션,쿠폰,high-intent
생활가전·전자,인덕션 구매,combo,인덕션,구매,high-intent
생활가전·전자,인덕션 추천,combo,인덕션,추천,high-intent
생활가전·전자,인덕션 후기,combo,인덕션,후기,high-intent
생활가전·전자,인덕션 효과,combo,인덕션,효과,high-intent
생활가전·전자,인덕션 부작용,combo,인덕션,부작용,high-intent
생활가전·전자,인덕션 설치,combo,인덕션,설치,high-intent
생활가전·전자,인덕션 무료설치,combo,인덕션,무료설치,high-intent
생활가전·전자,인덕션 비용,combo,인덕션,비용,high-intent
생활가전·전자,인덕션 상담,combo,인덕션,상담,high-intent
생활가전·전자,인덕션 견적,combo,인덕션,견적,high-intent
생활가전·전자,인덕션 가격비교,combo,인덕션,가격비교,high-intent
생활가전·전자,정수기 가격,combo,정수기,가격,high-intent
생활가전·전자,정수기 최저가,combo,정수기,최저가,high-intent
생활가전·전자,정수기 렌탈,combo,정수기,렌탈,high-intent
생활가전·전자,정수기 대여,combo,정수기,대여,high-intent
생활가전·전자,정수기 할인,combo,정수기,할인,high-intent
생활가전·전자,정수기 쿠폰,combo,정수기,쿠폰,high-intent
생활가전·전자,정수기 구매,combo,정수기,구매,high-intent
생활가전·전자,정수기 추천,combo,정수기,추천,high-intent
생활가전·전자,정수기 후기,combo,정수기,후기,high-intent
생활가전·전자,정수기 효과,combo,정수기,효과,high-intent
생활가전·전자,정수기 부작용,combo,정수기,부작용,high-intent
생활가전·전자,정수기 설치,combo,정수기,설치,high-intent
생활가전·전자,정수기 무료설치,combo,정수기,무료설치,high-intent
생활가전·전자,정수기 비용,combo,정수기,비용,high-intent
생활가전·전자,정수기 상담,combo,정수기,상담,high-intent
생활가전·전자,정수기 견적,combo,정수기,견적,high-intent
생활가전·전자,정수기 가격비교,combo,정수기,가격비교,high-intent
생활가전·전자,얼음정수기 가격,combo,얼음정수기,가격,high-intent
생활가전·전자,얼음정수기 최저가,combo,얼음정수기,최저가,high-intent
생활가전·전자,얼음정수기 렌탈,combo,얼음정수기,렌탈,high-intent
생활가전·전자,얼음정수기 대여,combo,얼음정수기,대여,high-intent
생활가전·전자,얼음정수기 할인,combo,얼음정수기,할인,high-intent
생활가전·전자,얼음정수기 쿠폰,combo,얼음정수기,쿠폰,high-intent
생활가전·전자,얼음정수기 구매,combo,얼음정수기,구매,high-intent
생활가전·전자,얼음정수기 추천,combo,얼음정수기,추천,high-intent
생활가전·전자,얼음정수기 후기,combo,얼음정수기,후기,high-intent
생활가전·전자,얼음정수기 효과,combo,얼음정수기,효과,high-intent
생활가전·전자,얼음정수기 부작용,combo,얼음정수기,부작용,high-intent
생활가전·전자,얼음정수기 설치,combo,얼음정수기,설치,high-intent
생활가전·전자,얼음정수기 무료설치,combo,얼음정수기,무료설치,high-intent
생활가전·전자,얼음정수기 비용,combo,얼음정수기,비용,high-intent
생활가전·전자,얼음정수기 상담,combo,얼음정수기,상담,high-intent
생활가전·전자,얼음정수기 견적,combo,얼음정수기,견적,high-intent
생활가전·전자,얼음정수기 가격비교,combo,얼음정수기,가격비교,high-intent
생활가전·전자,비데 가격,combo,비데,가격,high-intent
생활가전·전자,비데 최저가,combo,비데,최저가,high-intent
생활가전·전자,비데 렌탈,combo,비데,렌탈,high-intent
생활가전·전자,비데 대여,combo,비데,대여,high-intent
생활가전·전자,비데 할인,combo,비데,할인,high-intent
생활가전·전자,비데 쿠폰,combo,비데,쿠폰,high-intent
생활가전·전자,비데 구매,combo,비데,구매,high-intent
생활가전·전자,비데 추천,combo,비데,추천,high-intent
생활가전·전자,비데 후기,combo,비데,후기,high-intent
생활가전·전자,비데 효과,combo,비데,효과,high-intent
생활가전·전자,비데 부작용,combo,비데,부작용,high-intent
생활가전·전자,비데 설치,combo,비데,설치,high-intent
생활가전·전자,비데 무료설치,combo,비데,무료설치,high-intent
생활가전·전자,비데 비용,combo,비데,비용,high-intent
생활가전·전자,비데 상담,combo,비데,상담,high-intent
생활가전·전자,비데 견적,combo,비데,견적,high-intent
생활가전·전자,비데 가격비교,combo,비데,가격비교,high-intent
생활가전·전자,안마의자 가격,combo,안마의자,가격,high-intent
생활가전·전자,안마의자 최저가,combo,안마의자,최저가,high-intent
생활가전·전자,안마의자 렌탈,combo,안마의자,렌탈,high-intent
생활가전·전자,안마의자 대여,combo,안마의자,대여,high-intent
생활가전·전자,안마의자 할인,combo,안마의자,할인,high-intent
생활가전·전자,안마의자 쿠폰,combo,안마의자,쿠폰,high-intent
생활가전·전자,안마의자 구매,combo,안마의자,구매,high-intent
생활가전·전자,안마의자 추천,combo,안마의자,추천,high-intent
생활가전·전자,안마의자 후기,combo,안마의자,후기,high-intent
생활가전·전자,안마의자 효과,combo,안마의자,효과,high-intent
생활가전·전자,안마의자 부작용,combo,안마의자,부작용,high-intent
생활가전·전자,안마의자 설치,combo,안마의자,설치,high-intent
생활가전·전자,안마의자 무료설치,combo,안마의자,무료설치,high-intent
생활가전·전자,안마의자 비용,combo,안마의자,비용,high-intent
생활가전·전자,안마의자 상담,combo,안마의자,상담,high-intent
생활가전·전자,안마의자 견적,combo,안마의자,견적,high-intent
생활가전·전자,안마의자 가격비교,combo,안마의자,가격비교,high-intent
생활가전·전자,안마기 가격,combo,안마기,가격,high-intent
생활가전·전자,안마기 최저가,combo,안마기,최저가,high-intent
생활가전·전자,안마기 렌탈,combo,안마기,렌탈,high-intent
생활가전·전자,안마기 대여,combo,안마기,대여,high-intent
생활가전·전자,안마기 할인,combo,안마기,할인,high-intent
생활가전·전자,안마기 쿠폰,combo,안마기,쿠폰,high-intent
생활가전·전자,안마기 구매,combo,안마기,구매,high-intent
생활가전·전자,안마기 추천,combo,안마기,추천,high-intent
생활가전·전자,안마기 후기,combo,안마기,후기,high-intent
생활가전·전자,안마기 효과,combo,안마기,효과,high-intent
생활가전·전자,안마기 부작용,combo,안마기,부작용,high-intent
생활가전·전자,안마기 설치,combo,안마기,설치,high-intent
생활가전·전자,안마기 무료설치,combo,안마기,무료설치,high-intent
생활가전·전자,안마기 비용,combo,안마기,비용,high-intent
생활가전·전자,안마기 상담,combo,안마기,상담,high-intent
생활가전·전자,안마기 견적,combo,안마기,견적,high-intent
생활가전·전자,안마기 가격비교,combo,안마기,가격비교,high-intent
생활가전·전자,냉장고 가격,combo,냉장고,가격,high-intent
생활가전·전자,냉장고 최저가,combo,냉장고,최저가,high-intent
생활가전·전자,냉장고 렌탈,combo,냉장고,렌탈,high-intent
생활가전·전자,냉장고 대여,combo,냉장고,대여,high-intent
생활가전·전자,냉장고 할인,combo,냉장고,할인,high-intent
생활가전·전자,냉장고 쿠폰,combo,냉장고,쿠폰,high-intent
생활가전·전자,냉장고 구매,combo,냉장고,구매,high-intent
생활가전·전자,냉장고 추천,combo,냉장고,추천,high-intent
생활가전·전자,냉장고 후기,combo,냉장고,후기,high-intent
생활가전·전자,냉장고 효과,combo,냉장고,효과,high-intent
생활가전·전자,냉장고 부작용,combo,냉장고,부작용,high-intent
생활가전·전자,냉장고 설치,combo,냉장고,설치,high-intent
생활가전·전자,냉장고 무료설치,combo,냉장고,무료설치,high-intent
생활가전·전자,냉장고 비용,combo,냉장고,비용,high-intent
생활가전·전자,냉장고 상담,combo,냉장고,상담,high-intent
생활가전·전자,냉장고 견적,combo,냉장고,견적,high-intent
생활가전·전자,냉장고 가격비교,combo,냉장고,가격비교,high-intent
생활가전·전자,김치냉장고 가격,combo,김치냉장고,가격,high-intent
생활가전·전자,김치냉장고 최저가,combo,김치냉장고,최저가,high-intent
생활가전·전자,김치냉장고 렌탈,combo,김치냉장고,렌탈,high-intent
생활가전·전자,김치냉장고 대여,combo,김치냉장고,대여,high-intent
생활가전·전자,김치냉장고 할인,combo,김치냉장고,할인,high-intent
생활가전·전자,김치냉장고 쿠폰,combo,김치냉장고,쿠폰,high-intent
생활가전·전자,김치냉장고 구매,combo,김치냉장고,구매,high-intent
생활가전·전자,김치냉장고 추천,combo,김치냉장고,추천,high-intent
생활가전·전자,김치냉장고 후기,combo,김치냉장고,후기,high-intent
생활가전·전자,김치냉장고 효과,combo,김치냉장고,효과,high-intent
생활가전·전자,김치냉장고 부작용,combo,김치냉장고,부작용,high-intent
생활가전·전자,김치냉장고 설치,combo,김치냉장고,설치,high-intent
생활가전·전자,김치냉장고 무료설치,combo,김치냉장고,무료설치,high-intent
생활가전·전자,김치냉장고 비용,combo,김치냉장고,비용,high-intent
생활가전·전자,김치냉장고 상담,combo,김치냉장고,상담,high-intent
생활가전·전자,김치냉장고 견적,combo,김치냉장고,견적,high-intent
생활가전·전자,김치냉장고 가격비교,combo,김치냉장고,가격비교,high-intent
생활가전·전자,세탁기 가격,combo,세탁기,가격,high-intent
생활가전·전자,세탁기 최저가,combo,세탁기,최저가,high-intent
생활가전·전자,세탁기 렌탈,combo,세탁기,렌탈,high-intent
생활가전·전자,세탁기 대여,combo,세탁기,대여,high-intent
생활가전·전자,세탁기 할인,combo,세탁기,할인,high-intent
생활가전·전자,세탁기 쿠폰,combo,세탁기,쿠폰,high-intent
생활가전·전자,세탁기 구매,combo,세탁기,구매,high-intent
생활가전·전자,세탁기 추천,combo,세탁기,추천,high-intent
생활가전·전자,세탁기 후기,combo,세탁기,후기,high-intent
생활가전·전자,세탁기 효과,combo,세탁기,효과,high-intent
생활가전·전자,세탁기 부작용,combo,세탁기,부작용,high-intent
생활가전·전자,세탁기 설치,combo,세탁기,설치,high-intent
생활가전·전자,세탁기 무료설치,combo,세탁기,무료설치,high-intent
생활가전·전자,세탁기 비용,combo,세탁기,비용,high-intent
생활가전·전자,세탁기 상담,combo,세탁기,상담,high-intent
생활가전·전자,세탁기 견적,combo,세탁기,견적,high-intent
생활가전·전자,세탁기 가격비교,combo,세탁기,가격비교,high-intent
생활가전·전자,TV 가격,combo,TV,가격,high-intent
생활가전·전자,TV 최저가,combo,TV,최저가,high-intent
생활가전·전자,TV 렌탈,combo,TV,렌탈,high-intent
생활가전·전자,TV 대여,combo,TV,대여,high-intent
생활가전·전자,TV 할인,combo,TV,할인,high-intent
생활가전·전자,TV 쿠폰,combo,TV,쿠폰,high-intent
생활가전·전자,TV 구매,combo,TV,구매,high-intent
생활가전·전자,TV 추천,combo,TV,추천,high-intent
생활가전·전자,TV 후기,combo,TV,후기,high-intent
생활가전·전자,TV 효과,combo,TV,효과,high-intent
생활가전·전자,TV 부작용,combo,TV,부작용,high-intent
생활가전·전자,TV 설치,combo,TV,설치,high-intent
생활가전·전자,TV 무료설치,combo,TV,무료설치,high-intent
생활가전·전자,TV 비용,combo,TV,비용,high-intent
생활가전·전자,TV 상담,combo,TV,상담,high-intent
생활가전·전자,TV 견적,combo,TV,견적,high-intent
생활가전·전자,TV 가격비교,combo,TV,가격비교,high-intent
생활가전·전자,게이밍모니터 가격,combo,게이밍모니터,가격,high-intent
생활가전·전자,게이밍모니터 최저가,combo,게이밍모니터,최저가,high-intent
생활가전·전자,게이밍모니터 렌탈,combo,게이밍모니터,렌탈,high-intent
생활가전·전자,게이밍모니터 대여,combo,게이밍모니터,대여,high-intent
생활가전·전자,게이밍모니터 할인,combo,게이밍모니터,할인,high-intent
생활가전·전자,게이밍모니터 쿠폰,combo,게이밍모니터,쿠폰,high-intent
생활가전·전자,게이밍모니터 구매,combo,게이밍모니터,구매,high-intent
생활가전·전자,게이밍모니터 추천,combo,게이밍모니터,추천,high-intent
생활가전·전자,게이밍모니터 후기,combo,게이밍모니터,후기,high-intent
생활가전·전자,게이밍모니터 효과,combo,게이밍모니터,효과,high-intent
생활가전·전자,게이밍모니터 부작용,combo,게이밍모니터,부작용,high-intent
생활가전·전자,게이밍모니터 설치,combo,게이밍모니터,설치,high-intent
생활가전·전자,게이밍모니터 무료설치,combo,게이밍모니터,무료설치,high-intent
생활가전·전자,게이밍모니터 비용,combo,게이밍모니터,비용,high-intent
생활가전·전자,게이밍모니터 상담,combo,게이밍모니터,상담,high-intent
생활가전·전자,게이밍모니터 견적,combo,게이밍모니터,견적,high-intent
생활가전·전자,게이밍모니터 가격비교,combo,게이밍모니터,가격비교,high-intent
생활가전·전자,노트북 가격,combo,노트북,가격,high-intent
생활가전·전자,노트북 최저가,combo,노트북,최저가,high-intent
생활가전·전자,노트북 렌탈,combo,노트북,렌탈,high-intent
생활가전·전자,노트북 대여,combo,노트북,대여,high-intent
생활가전·전자,노트북 할인,combo,노트북,할인,high-intent
생활가전·전자,노트북 쿠폰,combo,노트북,쿠폰,high-intent
생활가전·전자,노트북 구매,combo,노트북,구매,high-intent
생활가전·전자,노트북 추천,combo,노트북,추천,high-intent
생활가전·전자,노트북 후기,combo,노트북,후기,high-intent
생활가전·전자,노트북 효과,combo,노트북,효과,high-intent
생활가전·전자,노트북 부작용,combo,노트북,부작용,high-intent
생활가전·전자,노트북 설치,combo,노트북,설치,high-intent
생활가전·전자,노트북 무료설치,combo,노트북,무료설치,high-intent
생활가전·전자,노트북 비용,combo,노트북,비용,high-intent
생활가전·전자,노트북 상담,combo,노트북,상담,high-intent
생활가전·전자,노트북 견적,combo,노트북,견적,high-intent
생활가전·전자,노트북 가격비교,combo,노트북,가격비교,high-intent
생활가전·전자,태블릿 가격,combo,태블릿,가격,high-intent
생활가전·전자,태블릿 최저가,combo,태블릿,최저가,high-intent
생활가전·전자,태블릿 렌탈,combo,태블릿,렌탈,high-intent
생활가전·전자,태블릿 대여,combo,태블릿,대여,high-intent
생활가전·전자,태블릿 할인,combo,태블릿,할인,high-intent
생활가전·전자,태블릿 쿠폰,combo,태블릿,쿠폰,high-intent
생활가전·전자,태블릿 구매,combo,태블릿,구매,high-intent
생활가전·전자,태블릿 추천,combo,태블릿,추천,high-intent
생활가전·전자,태블릿 후기,combo,태블릿,후기,high-intent
생활가전·전자,태블릿 효과,combo,태블릿,효과,high-intent
생활가전·전자,태블릿 부작용,combo,태블릿,부작용,high-intent
생활가전·전자,태블릿 설치,combo,태블릿,설치,high-intent
생활가전·전자,태블릿 무료설치,combo,태블릿,무료설치,high-intent
생활가전·전자,태블릿 비용,combo,태블릿,비용,high-intent
생활가전·전자,태블릿 상담,combo,태블릿,상담,high-intent
생활가전·전자,태블릿 견적,combo,태블릿,견적,high-intent
생활가전·전자,태블릿 가격비교,combo,태블릿,가격비교,high-intent
생활가전·전자,프로젝터 가격,combo,프로젝터,가격,high-intent
생활가전·전자,프로젝터 최저가,combo,프로젝터,최저가,high-intent
생활가전·전자,프로젝터 렌탈,combo,프로젝터,렌탈,high-intent
생활가전·전자,프로젝터 대여,combo,프로젝터,대여,high-intent
생활가전·전자,프로젝터 할인,combo,프로젝터,할인,high-intent
생활가전·전자,프로젝터 쿠폰,combo,프로젝터,쿠폰,high-intent
생활가전·전자,프로젝터 구매,combo,프로젝터,구매,high-intent
생활가전·전자,프로젝터 추천,combo,프로젝터,추천,high-intent
생활가전·전자,프로젝터 후기,combo,프로젝터,후기,high-intent
생활가전·전자,프로젝터 효과,combo,프로젝터,효과,high-intent
생활가전·전자,프로젝터 부작용,combo,프로젝터,부작용,high-intent
생활가전·전자,프로젝터 설치,combo,프로젝터,설치,high-intent
생활가전·전자,프로젝터 무료설치,combo,프로젝터,무료설치,high-intent
생활가전·전자,프로젝터 비용,combo,프로젝터,비용,high-intent
생활가전·전자,프로젝터 상담,combo,프로젝터,상담,high-intent
생활가전·전자,프로젝터 견적,combo,프로젝터,견적,high-intent
생활가전·전자,프로젝터 가격비교,combo,프로젝터,가격비교,high-intent
생활가전·전자,공유기 가격,combo,공유기,가격,high-intent
생활가전·전자,공유기 최저가,combo,공유기,최저가,high-intent
생활가전·전자,공유기 렌탈,combo,공유기,렌탈,high-intent
생활가전·전자,공유기 대여,combo,공유기,대여,high-intent
생활가전·전자,공유기 할인,combo,공유기,할인,high-intent
생활가전·전자,공유기 쿠폰,combo,공유기,쿠폰,high-intent
생활가전·전자,공유기 구매,combo,공유기,구매,high-intent
생활가전·전자,공유기 추천,combo,공유기,추천,high-intent
생활가전·전자,공유기 후기,combo,공유기,후기,high-intent
생활가전·전자,공유기 효과,combo,공유기,효과,high-intent
생활가전·전자,공유기 부작용,combo,공유기,부작용,high-intent
생활가전·전자,공유기 설치,combo,공유기,설치,high-intent
생활가전·전자,공유기 무료설치,combo,공유기,무료설치,high-intent
생활가전·전자,공유기 비용,combo,공유기,비용,high-intent
생활가전·전자,공유기 상담,combo,공유기,상담,high-intent
생활가전·전자,공유기 견적,combo,공유기,견적,high-intent
생활가전·전자,공유기 가격비교,combo,공유기,가격비교,high-intent
생활가전·전자,NAS 가격,combo,NAS,가격,high-intent
생활가전·전자,NAS 최저가,combo,NAS,최저가,high-intent
생활가전·전자,NAS 렌탈,combo,NAS,렌탈,high-intent
생활가전·전자,NAS 대여,combo,NAS,대여,high-intent
생활가전·전자,NAS 할인,combo,NAS,할인,high-intent
생활가전·전자,NAS 쿠폰,combo,NAS,쿠폰,high-intent
생활가전·전자,NAS 구매,combo,NAS,구매,high-intent
생활가전·전자,NAS 추천,combo,NAS,추천,high-intent
생활가전·전자,NAS 후기,combo,NAS,후기,high-intent
생활가전·전자,NAS 효과,combo,NAS,효과,high-intent
생활가전·전자,NAS 부작용,combo,NAS,부작용,high-intent
생활가전·전자,NAS 설치,combo,NAS,설치,high-intent
생활가전·전자,NAS 무료설치,combo,NAS,무료설치,high-intent
생활가전·전자,NAS 비용,combo,NAS,비용,high-intent
생활가전·전자,NAS 상담,combo,NAS,상담,high-intent
생활가전·전자,NAS 견적,combo,NAS,견적,high-intent
생활가전·전자,NAS 가격비교,combo,NAS,가격비교,high-intent
생활가전·전자,IP카메라 가격,combo,IP카메라,가격,high-intent
생활가전·전자,IP카메라 최저가,combo,IP카메라,최저가,high-intent
생활가전·전자,IP카메라 렌탈,combo,IP카메라,렌탈,high-intent
생활가전·전자,IP카메라 대여,combo,IP카메라,대여,high-intent
생활가전·전자,IP카메라 할인,combo,IP카메라,할인,high-intent
생활가전·전자,IP카메라 쿠폰,combo,IP카메라,쿠폰,high-intent
생활가전·전자,IP카메라 구매,combo,IP카메라,구매,high-intent
생활가전·전자,IP카메라 추천,combo,IP카메라,추천,high-intent
생활가전·전자,IP카메라 후기,combo,IP카메라,후기,high-intent
생활가전·전자,IP카메라 효과,combo,IP카메라,효과,high-intent
생활가전·전자,IP카메라 부작용,combo,IP카메라,부작용,high-intent
생활가전·전자,IP카메라 설치,combo,IP카메라,설치,high-intent
생활가전·전자,IP카메라 무료설치,combo,IP카메라,무료설치,high-intent
생활가전·전자,IP카메라 비용,combo,IP카메라,비용,high-intent
생활가전·전자,IP카메라 상담,combo,IP카메라,상담,high-intent
생활가전·전자,IP카메라 견적,combo,IP카메라,견적,high-intent
생활가전·전자,IP카메라 가격비교,combo,IP카메라,가격비교,high-intent
생활가전·전자,CCTV 가격,combo,CCTV,가격,high-intent
생활가전·전자,CCTV 최저가,combo,CCTV,최저가,high-intent
생활가전·전자,CCTV 렌탈,combo,CCTV,렌탈,high-intent
생활가전·전자,CCTV 대여,combo,CCTV,대여,high-intent
생활가전·전자,CCTV 할인,combo,CCTV,할인,high-intent
생활가전·전자,CCTV 쿠폰,combo,CCTV,쿠폰,high-intent
생활가전·전자,CCTV 구매,combo,CCTV,구매,high-intent
생활가전·전자,CCTV 추천,combo,CCTV,추천,high-intent
생활가전·전자,CCTV 후기,combo,CCTV,후기,high-intent
생활가전·전자,CCTV 효과,combo,CCTV,효과,high-intent
생활가전·전자,CCTV 부작용,combo,CCTV,부작용,high-intent
생활가전·전자,CCTV 설치,combo,CCTV,설치,high-intent
생활가전·전자,CCTV 무료설치,combo,CCTV,무료설치,high-intent
생활가전·전자,CCTV 비용,combo,CCTV,비용,high-intent
생활가전·전자,CCTV 상담,combo,CCTV,상담,high-intent
생활가전·전자,CCTV 견적,combo,CCTV,견적,high-intent
생활가전·전자,CCTV 가격비교,combo,CCTV,가격비교,high-intent
생활가전·전자,초음파세척기 가격,combo,초음파세척기,가격,high-intent
생활가전·전자,초음파세척기 최저가,combo,초음파세척기,최저가,high-intent
생활가전·전자,초음파세척기 렌탈,combo,초음파세척기,렌탈,high-intent
생활가전·전자,초음파세척기 대여,combo,초음파세척기,대여,high-intent
생활가전·전자,초음파세척기 할인,combo,초음파세척기,할인,high-intent
생활가전·전자,초음파세척기 쿠폰,combo,초음파세척기,쿠폰,high-intent
생활가전·전자,초음파세척기 구매,combo,초음파세척기,구매,high-intent
생활가전·전자,초음파세척기 추천,combo,초음파세척기,추천,high-intent
생활가전·전자,초음파세척기 후기,combo,초음파세척기,후기,high-intent
생활가전·전자,초음파세척기 효과,combo,초음파세척기,효과,high-intent
생활가전·전자,초음파세척기 부작용,combo,초음파세척기,부작용,high-intent
생활가전·전자,초음파세척기 설치,combo,초음파세척기,설치,high-intent
생활가전·전자,초음파세척기 무료설치,combo,초음파세척기,무료설치,high-intent
생활가전·전자,초음파세척기 비용,combo,초음파세척기,비용,high-intent
생활가전·전자,초음파세척기 상담,combo,초음파세척기,상담,high-intent
생활가전·전자,초음파세척기 견적,combo,초음파세척기,견적,high-intent
생활가전·전자,초음파세척기 가격비교,combo,초음파세척기,가격비교,high-intent
생활가전·전자,스팀청소기 가격,combo,스팀청소기,가격,high-intent
생활가전·전자,스팀청소기 최저가,combo,스팀청소기,최저가,high-intent
생활가전·전자,스팀청소기 렌탈,combo,스팀청소기,렌탈,high-intent
생활가전·전자,스팀청소기 대여,combo,스팀청소기,대여,high-intent
생활가전·전자,스팀청소기 할인,combo,스팀청소기,할인,high-intent
생활가전·전자,스팀청소기 쿠폰,combo,스팀청소기,쿠폰,high-intent
생활가전·전자,스팀청소기 구매,combo,스팀청소기,구매,high-intent
생활가전·전자,스팀청소기 추천,combo,스팀청소기,추천,high-intent
생활가전·전자,스팀청소기 후기,combo,스팀청소기,후기,high-intent
생활가전·전자,스팀청소기 효과,combo,스팀청소기,효과,high-intent
생활가전·전자,스팀청소기 부작용,combo,스팀청소기,부작용,high-intent
생활가전·전자,스팀청소기 설치,combo,스팀청소기,설치,high-intent
생활가전·전자,스팀청소기 무료설치,combo,스팀청소기,무료설치,high-intent
생활가전·전자,스팀청소기 비용,combo,스팀청소기,비용,high-intent
생활가전·전자,스팀청소기 상담,combo,스팀청소기,상담,high-intent
생활가전·전자,스팀청소기 견적,combo,스팀청소기,견적,high-intent
생활가전·전자,스팀청소기 가격비교,combo,스팀청소기,가격비교,high-intent
생활가전·전자,핸드블렌더 가격,combo,핸드블렌더,가격,high-intent
생활가전·전자,핸드블렌더 최저가,combo,핸드블렌더,최저가,high-intent
생활가전·전자,핸드블렌더 렌탈,combo,핸드블렌더,렌탈,high-intent
생활가전·전자,핸드블렌더 대여,combo,핸드블렌더,대여,high-intent
생활가전·전자,핸드블렌더 할인,combo,핸드블렌더,할인,high-intent
생활가전·전자,핸드블렌더 쿠폰,combo,핸드블렌더,쿠폰,high-intent
생활가전·전자,핸드블렌더 구매,combo,핸드블렌더,구매,high-intent
생활가전·전자,핸드블렌더 추천,combo,핸드블렌더,추천,high-intent
생활가전·전자,핸드블렌더 후기,combo,핸드블렌더,후기,high-intent
생활가전·전자,핸드블렌더 효과,combo,핸드블렌더,효과,high-intent
생활가전·전자,핸드블렌더 부작용,combo,핸드블렌더,부작용,high-intent
생활가전·전자,핸드블렌더 설치,combo,핸드블렌더,설치,high-intent
생활가전·전자,핸드블렌더 무료설치,combo,핸드블렌더,무료설치,high-intent
생활가전·전자,핸드블렌더 비용,combo,핸드블렌더,비용,high-intent
생활가전·전자,핸드블렌더 상담,combo,핸드블렌더,상담,high-intent
생활가전·전자,핸드블렌더 견적,combo,핸드블렌더,견적,high-intent
생활가전·전자,핸드블렌더 가격비교,combo,핸드블렌더,가격비교,high-intent
생활가전·전자,전기포트 가격,combo,전기포트,가격,high-intent
생활가전·전자,전기포트 최저가,combo,전기포트,최저가,high-intent
생활가전·전자,전기포트 렌탈,combo,전기포트,렌탈,high-intent
생활가전·전자,전기포트 대여,combo,전기포트,대여,high-intent
생활가전·전자,전기포트 할인,combo,전기포트,할인,high-intent
생활가전·전자,전기포트 쿠폰,combo,전기포트,쿠폰,high-intent
생활가전·전자,전기포트 구매,combo,전기포트,구매,high-intent
